,actor_name,path
6033,Jack_Straw,.\data\lfw-deepfunneled\Jack_Straw\Jack_Straw_0010.jpg
4355,Lucio_Gutierrez,.\data\lfw-deepfunneled\Lucio_Gutierrez\Lucio_Gutierrez_0010.jpg
798,Adrien_Brody,.\data\lfw-deepfunneled\Adrien_Brody\Adrien_Brody_0008.jpg
6549,Wen_Jiabao,.\data\lfw-deepfunneled\Wen_Jiabao\Wen_Jiabao_0009.jpg
8603,Andre_Agassi,.\data\lfw-deepfunneled\Andre_Agassi\Andre_Agassi_0003.jpg
4553,Mahmoud_Abbas,.\data\lfw-deepfunneled\Mahmoud_Abbas\Mahmoud_Abbas_0001.jpg
4156,Tiger_Woods,.\data\lfw-deepfunneled\Tiger_Woods\Tiger_Woods_0019.jpg
4249,Lleyton_Hewitt,.\data\lfw-deepfunneled\Lleyton_Hewitt\Lleyton_Hewitt_0014.jpg
1761,John_Ashcroft,.\data\lfw-deepfunneled\John_Ashcroft\John_Ashcroft_0003.jpg
4824,Jacques_Chirac,.\data\lfw-deepfunneled\Jacques_Chirac\Jacques_Chirac_0017.jpg
7810,Carlos_Moya,.\data\lfw-deepfunneled\Carlos_Moya\Carlos_Moya_0008.jpg
6,Fidel_Castro,.\data\lfw-deepfunneled\Fidel_Castro\Fidel_Castro_0007.jpg
4629,Keanu_Reeves,.\data\lfw-deepfunneled\Keanu_Reeves\Keanu_Reeves_0009.jpg
871,Dominique_de_Villepin,.\data\lfw-deepfunneled\Dominique_de_Villepin\Dominique_de_Villepin_0006.jpg
3812,Vladimir_Putin,.\data\lfw-deepfunneled\Vladimir_Putin\Vladimir_Putin_0015.jpg
3320,Yoriko_Kawaguchi,.\data\lfw-deepfunneled\Yoriko_Kawaguchi\Yoriko_Kawaguchi_0012.jpg
865,Dick_Cheney,.\data\lfw-deepfunneled\Dick_Cheney\Dick_Cheney_0005.jpg
1423,Alejandro_Toledo,.\data\lfw-deepfunneled\Alejandro_Toledo\Alejandro_Toledo_0003.jpg
5746,Fidel_Castro,.\data\lfw-deepfunneled\Fidel_Castro\Fidel_Castro_0012.jpg
804,Lance_Armstrong,.\data\lfw-deepfunneled\Lance_Armstrong\Lance_Armstrong_0018.jpg
4385,Junichiro_Koizumi,.\data\lfw-deepfunneled\Junichiro_Koizumi\Junichiro_Koizumi_0003.jpg
7414,John_Kerry,.\data\lfw-deepfunneled\John_Kerry\John_Kerry_0011.jpg
6739,Ariel_Sharon,.\data\lfw-deepfunneled\Ariel_Sharon\Ariel_Sharon_0013.jpg
6971,Jacques_Chirac,.\data\lfw-deepfunneled\Jacques_Chirac\Jacques_Chirac_0010.jpg
5227,Naomi_Watts,.\data\lfw-deepfunneled\Naomi_Watts\Naomi_Watts_0015.jpg
2350,Jimmy_Carter,.\data\lfw-deepfunneled\Jimmy_Carter\Jimmy_Carter_0001.jpg
4608,Michael_Bloomberg,.\data\lfw-deepfunneled\Michael_Bloomberg\Michael_Bloomberg_0020.jpg
4739,Hillary_Clinton,.\data\lfw-deepfunneled\Hillary_Clinton\Hillary_Clinton_0004.jpg
6770,Pierce_Brosnan,.\data\lfw-deepfunneled\Pierce_Brosnan\Pierce_Brosnan_0001.jpg
5441,Mahmoud_Abbas,.\data\lfw-deepfunneled\Mahmoud_Abbas\Mahmoud_Abbas_0028.jpg
6598,Hu_Jintao,.\data\lfw-deepfunneled\Hu_Jintao\Hu_Jintao_0006.jpg
2947,Paul_Wolfowitz,.\data\lfw-deepfunneled\Paul_Wolfowitz\Paul_Wolfowitz_0003.jpg
8723,Tim_Henman,.\data\lfw-deepfunneled\Tim_Henman\Tim_Henman_0009.jpg
6858,Rudolph_Giuliani,.\data\lfw-deepfunneled\Rudolph_Giuliani\Rudolph_Giuliani_0001.jpg
7346,Paul_Wolfowitz,.\data\lfw-deepfunneled\Paul_Wolfowitz\Paul_Wolfowitz_0009.jpg
8941,Fidel_Castro,.\data\lfw-deepfunneled\Fidel_Castro\Fidel_Castro_0009.jpg
930,Jacques_Chirac,.\data\lfw-deepfunneled\Jacques_Chirac\Jacques_Chirac_0028.jpg
7644,Vicente_Fox,.\data\lfw-deepfunneled\Vicente_Fox\Vicente_Fox_0008.jpg
2971,Mark_Philippoussis,.\data\lfw-deepfunneled\Mark_Philippoussis\Mark_Philippoussis_0003.jpg
4960,Jeong_Se-hyun,.\data\lfw-deepfunneled\Jeong_Se-hyun\Jeong_Se-hyun_0008.jpg
903,Tom_Daschle,.\data\lfw-deepfunneled\Tom_Daschle\Tom_Daschle_0014.jpg
6387,Jack_Straw,.\data\lfw-deepfunneled\Jack_Straw\Jack_Straw_0003.jpg
5959,Charles_Taylor,.\data\lfw-deepfunneled\Charles_Taylor\Charles_Taylor_0004.jpg
8132,Ann_Veneman,.\data\lfw-deepfunneled\Ann_Veneman\Ann_Veneman_0005.jpg
5577,Renee_Zellweger,.\data\lfw-deepfunneled\Renee_Zellweger\Renee_Zellweger_0014.jpg
4082,Jesse_Jackson,.\data\lfw-deepfunneled\Jesse_Jackson\Jesse_Jackson_0006.jpg
8662,Hugo_Chavez,.\data\lfw-deepfunneled\Hugo_Chavez\Hugo_Chavez_0055.jpg
1773,Hu_Jintao,.\data\lfw-deepfunneled\Hu_Jintao\Hu_Jintao_0004.jpg
5342,Kate_Hudson,.\data\lfw-deepfunneled\Kate_Hudson\Kate_Hudson_0005.jpg
7406,Recep_Tayyip_Erdogan,.\data\lfw-deepfunneled\Recep_Tayyip_Erdogan\Recep_Tayyip_Erdogan_0018.jpg
3045,Vladimir_Putin,.\data\lfw-deepfunneled\Vladimir_Putin\Vladimir_Putin_0040.jpg
642,Joschka_Fischer,.\data\lfw-deepfunneled\Joschka_Fischer\Joschka_Fischer_0012.jpg
4725,Roh_Moo-hyun,.\data\lfw-deepfunneled\Roh_Moo-hyun\Roh_Moo-hyun_0003.jpg
4675,Amelie_Mauresmo,.\data\lfw-deepfunneled\Amelie_Mauresmo\Amelie_Mauresmo_0019.jpg
7287,Jean_Chretien,.\data\lfw-deepfunneled\Jean_Chretien\Jean_Chretien_0034.jpg
3202,John_Allen_Muhammad,.\data\lfw-deepfunneled\John_Allen_Muhammad\John_Allen_Muhammad_0008.jpg
5646,David_Beckham,.\data\lfw-deepfunneled\David_Beckham\David_Beckham_0006.jpg
6187,Carlos_Menem,.\data\lfw-deepfunneled\Carlos_Menem\Carlos_Menem_0020.jpg
54,George_HW_Bush,.\data\lfw-deepfunneled\George_HW_Bush\George_HW_Bush_0001.jpg
2282,Tang_Jiaxuan,.\data\lfw-deepfunneled\Tang_Jiaxuan\Tang_Jiaxuan_0010.jpg
8382,Trent_Lott,.\data\lfw-deepfunneled\Trent_Lott\Trent_Lott_0005.jpg
4222,Ariel_Sharon,.\data\lfw-deepfunneled\Ariel_Sharon\Ariel_Sharon_0024.jpg
7624,John_Howard,.\data\lfw-deepfunneled\John_Howard\John_Howard_0017.jpg
784,Hugo_Chavez,.\data\lfw-deepfunneled\Hugo_Chavez\Hugo_Chavez_0042.jpg
3528,Queen_Elizabeth_II,.\data\lfw-deepfunneled\Queen_Elizabeth_II\Queen_Elizabeth_II_0012.jpg
6754,Ricardo_Lagos,.\data\lfw-deepfunneled\Ricardo_Lagos\Ricardo_Lagos_0005.jpg
3684,Nestor_Kirchner,.\data\lfw-deepfunneled\Nestor_Kirchner\Nestor_Kirchner_0006.jpg
1505,Tom_Daschle,.\data\lfw-deepfunneled\Tom_Daschle\Tom_Daschle_0015.jpg
2164,Charles_Moose,.\data\lfw-deepfunneled\Charles_Moose\Charles_Moose_0001.jpg
2316,Arnold_Schwarzenegger,.\data\lfw-deepfunneled\Arnold_Schwarzenegger\Arnold_Schwarzenegger_0004.jpg
3629,Gordon_Brown,.\data\lfw-deepfunneled\Gordon_Brown\Gordon_Brown_0010.jpg
3281,Joe_Lieberman,.\data\lfw-deepfunneled\Joe_Lieberman\Joe_Lieberman_0002.jpg
5101,Michael_Schumacher,.\data\lfw-deepfunneled\Michael_Schumacher\Michael_Schumacher_0013.jpg
4061,Jacques_Chirac,.\data\lfw-deepfunneled\Jacques_Chirac\Jacques_Chirac_0043.jpg
1850,Vladimir_Putin,.\data\lfw-deepfunneled\Vladimir_Putin\Vladimir_Putin_0031.jpg
6150,Andre_Agassi,.\data\lfw-deepfunneled\Andre_Agassi\Andre_Agassi_0011.jpg
3666,James_Kelly,.\data\lfw-deepfunneled\James_Kelly\James_Kelly_0005.jpg
9015,David_Beckham,.\data\lfw-deepfunneled\David_Beckham\David_Beckham_0014.jpg
3249,Gordon_Brown,.\data\lfw-deepfunneled\Gordon_Brown\Gordon_Brown_0009.jpg
8725,Hugo_Chavez,.\data\lfw-deepfunneled\Hugo_Chavez\Hugo_Chavez_0038.jpg
5400,Jacques_Chirac,.\data\lfw-deepfunneled\Jacques_Chirac\Jacques_Chirac_0048.jpg
381,George_Robertson,.\data\lfw-deepfunneled\George_Robertson\George_Robertson_0011.jpg
6995,Mohammad_Khatami,.\data\lfw-deepfunneled\Mohammad_Khatami\Mohammad_Khatami_0010.jpg
8561,Jennifer_Capriati,.\data\lfw-deepfunneled\Jennifer_Capriati\Jennifer_Capriati_0010.jpg
794,Alvaro_Uribe,.\data\lfw-deepfunneled\Alvaro_Uribe\Alvaro_Uribe_0026.jpg
4267,John_Ashcroft,.\data\lfw-deepfunneled\John_Ashcroft\John_Ashcroft_0016.jpg
712,James_Blake,.\data\lfw-deepfunneled\James_Blake\James_Blake_0006.jpg
2816,Ariel_Sharon,.\data\lfw-deepfunneled\Ariel_Sharon\Ariel_Sharon_0062.jpg
7721,Zhu_Rongji,.\data\lfw-deepfunneled\Zhu_Rongji\Zhu_Rongji_0003.jpg
4918,Kofi_Annan,.\data\lfw-deepfunneled\Kofi_Annan\Kofi_Annan_0030.jpg
9011,Gloria_Macapagal_Arroyo,.\data\lfw-deepfunneled\Gloria_Macapagal_Arroyo\Gloria_Macapagal_Arroyo_0007.jpg
6416,Charles_Moose,.\data\lfw-deepfunneled\Charles_Moose\Charles_Moose_0006.jpg
7247,Bill_Graham,.\data\lfw-deepfunneled\Bill_Graham\Bill_Graham_0005.jpg
7219,Serena_Williams,.\data\lfw-deepfunneled\Serena_Williams\Serena_Williams_0001.jpg
4498,Ray_Romano,.\data\lfw-deepfunneled\Ray_Romano\Ray_Romano_0007.jpg
1498,Ariel_Sharon,.\data\lfw-deepfunneled\Ariel_Sharon\Ariel_Sharon_0042.jpg
2838,Heizo_Takenaka,.\data\lfw-deepfunneled\Heizo_Takenaka\Heizo_Takenaka_0009.jpg
7436,Joschka_Fischer,.\data\lfw-deepfunneled\Joschka_Fischer\Joschka_Fischer_0017.jpg
5238,John_Allen_Muhammad,.\data\lfw-deepfunneled\John_Allen_Muhammad\John_Allen_Muhammad_0011.jpg
1107,Tiger_Woods,.\data\lfw-deepfunneled\Tiger_Woods\Tiger_Woods_0002.jpg
2979,Ariel_Sharon,.\data\lfw-deepfunneled\Ariel_Sharon\Ariel_Sharon_0064.jpg
7135,Jennifer_Lopez,.\data\lfw-deepfunneled\Jennifer_Lopez\Jennifer_Lopez_0004.jpg
1409,Michael_Schumacher,.\data\lfw-deepfunneled\Michael_Schumacher\Michael_Schumacher_0015.jpg
6744,Hugo_Chavez,.\data\lfw-deepfunneled\Hugo_Chavez\Hugo_Chavez_0018.jpg
2777,Jennifer_Lopez,.\data\lfw-deepfunneled\Jennifer_Lopez\Jennifer_Lopez_0001.jpg
6862,Winona_Ryder,.\data\lfw-deepfunneled\Winona_Ryder\Winona_Ryder_0007.jpg
3291,Tim_Henman,.\data\lfw-deepfunneled\Tim_Henman\Tim_Henman_0002.jpg
8320,Jiang_Zemin,.\data\lfw-deepfunneled\Jiang_Zemin\Jiang_Zemin_0008.jpg
5311,Juan_Carlos_Ferrero,.\data\lfw-deepfunneled\Juan_Carlos_Ferrero\Juan_Carlos_Ferrero_0028.jpg
5560,Paul_Bremer,.\data\lfw-deepfunneled\Paul_Bremer\Paul_Bremer_0013.jpg
2156,Edmund_Stoiber,.\data\lfw-deepfunneled\Edmund_Stoiber\Edmund_Stoiber_0012.jpg
9116,Joschka_Fischer,.\data\lfw-deepfunneled\Joschka_Fischer\Joschka_Fischer_0019.jpg
409,Rudolph_Giuliani,.\data\lfw-deepfunneled\Rudolph_Giuliani\Rudolph_Giuliani_0017.jpg
6601,Keanu_Reeves,.\data\lfw-deepfunneled\Keanu_Reeves\Keanu_Reeves_0011.jpg
3887,Jose_Serra,.\data\lfw-deepfunneled\Jose_Serra\Jose_Serra_0002.jpg
6503,Abdullah_Gul,.\data\lfw-deepfunneled\Abdullah_Gul\Abdullah_Gul_0004.jpg
8587,Roh_Moo-hyun,.\data\lfw-deepfunneled\Roh_Moo-hyun\Roh_Moo-hyun_0023.jpg
4686,Jean_Chretien,.\data\lfw-deepfunneled\Jean_Chretien\Jean_Chretien_0032.jpg
4211,Hosni_Mubarak,.\data\lfw-deepfunneled\Hosni_Mubarak\Hosni_Mubarak_0009.jpg
5381,Anna_Kournikova,.\data\lfw-deepfunneled\Anna_Kournikova\Anna_Kournikova_0012.jpg
6288,Salma_Hayek,.\data\lfw-deepfunneled\Salma_Hayek\Salma_Hayek_0008.jpg
6600,Gonzalo_Sanchez_de_Lozada,.\data\lfw-deepfunneled\Gonzalo_Sanchez_de_Lozada\Gonzalo_Sanchez_de_Lozada_0006.jpg
6065,Taha_Yassin_Ramadan,.\data\lfw-deepfunneled\Taha_Yassin_Ramadan\Taha_Yassin_Ramadan_0003.jpg
4976,Mahmoud_Abbas,.\data\lfw-deepfunneled\Mahmoud_Abbas\Mahmoud_Abbas_0021.jpg
720,Hugh_Grant,.\data\lfw-deepfunneled\Hugh_Grant\Hugh_Grant_0002.jpg
5240,Tom_Ridge,.\data\lfw-deepfunneled\Tom_Ridge\Tom_Ridge_0005.jpg
8817,Jennifer_Capriati,.\data\lfw-deepfunneled\Jennifer_Capriati\Jennifer_Capriati_0021.jpg
3034,Paul_Bremer,.\data\lfw-deepfunneled\Paul_Bremer\Paul_Bremer_0010.jpg
223,Mohammed_Al-Douri,.\data\lfw-deepfunneled\Mohammed_Al-Douri\Mohammed_Al-Douri_0014.jpg
4994,Bill_Gates,.\data\lfw-deepfunneled\Bill_Gates\Bill_Gates_0009.jpg
5731,Vicente_Fox,.\data\lfw-deepfunneled\Vicente_Fox\Vicente_Fox_0001.jpg
5470,Britney_Spears,.\data\lfw-deepfunneled\Britney_Spears\Britney_Spears_0013.jpg
6251,Hugo_Chavez,.\data\lfw-deepfunneled\Hugo_Chavez\Hugo_Chavez_0003.jpg
7957,Mahmoud_Abbas,.\data\lfw-deepfunneled\Mahmoud_Abbas\Mahmoud_Abbas_0013.jpg
7395,Michael_Schumacher,.\data\lfw-deepfunneled\Michael_Schumacher\Michael_Schumacher_0006.jpg
2033,Jeremy_Greenstock,.\data\lfw-deepfunneled\Jeremy_Greenstock\Jeremy_Greenstock_0017.jpg
1290,Laura_Bush,.\data\lfw-deepfunneled\Laura_Bush\Laura_Bush_0007.jpg
8934,Bill_Simon,.\data\lfw-deepfunneled\Bill_Simon\Bill_Simon_0001.jpg
1392,Sergey_Lavrov,.\data\lfw-deepfunneled\Sergey_Lavrov\Sergey_Lavrov_0002.jpg
8005,Lucio_Gutierrez,.\data\lfw-deepfunneled\Lucio_Gutierrez\Lucio_Gutierrez_0001.jpg
6426,Li_Peng,.\data\lfw-deepfunneled\Li_Peng\Li_Peng_0002.jpg
4405,Gray_Davis,.\data\lfw-deepfunneled\Gray_Davis\Gray_Davis_0009.jpg
5175,Luiz_Inacio_Lula_da_Silva,.\data\lfw-deepfunneled\Luiz_Inacio_Lula_da_Silva\Luiz_Inacio_Lula_da_Silva_0002.jpg
8303,Taha_Yassin_Ramadan,.\data\lfw-deepfunneled\Taha_Yassin_Ramadan\Taha_Yassin_Ramadan_0009.jpg
2291,David_Nalbandian,.\data\lfw-deepfunneled\David_Nalbandian\David_Nalbandian_0011.jpg
2683,Jack_Straw,.\data\lfw-deepfunneled\Jack_Straw\Jack_Straw_0022.jpg
7520,Saddam_Hussein,.\data\lfw-deepfunneled\Saddam_Hussein\Saddam_Hussein_0012.jpg
5879,Naomi_Watts,.\data\lfw-deepfunneled\Naomi_Watts\Naomi_Watts_0014.jpg
7724,Richard_Myers,.\data\lfw-deepfunneled\Richard_Myers\Richard_Myers_0015.jpg
4524,Jeong_Se-hyun,.\data\lfw-deepfunneled\Jeong_Se-hyun\Jeong_Se-hyun_0006.jpg
4557,Guillermo_Coria,.\data\lfw-deepfunneled\Guillermo_Coria\Guillermo_Coria_0002.jpg
7827,Carlos_Menem,.\data\lfw-deepfunneled\Carlos_Menem\Carlos_Menem_0001.jpg
4704,Pervez_Musharraf,.\data\lfw-deepfunneled\Pervez_Musharraf\Pervez_Musharraf_0014.jpg
2034,John_Howard,.\data\lfw-deepfunneled\John_Howard\John_Howard_0012.jpg
4750,Ariel_Sharon,.\data\lfw-deepfunneled\Ariel_Sharon\Ariel_Sharon_0045.jpg
3735,Hu_Jintao,.\data\lfw-deepfunneled\Hu_Jintao\Hu_Jintao_0012.jpg
82,Laura_Bush,.\data\lfw-deepfunneled\Laura_Bush\Laura_Bush_0029.jpg
8462,Lindsay_Davenport,.\data\lfw-deepfunneled\Lindsay_Davenport\Lindsay_Davenport_0001.jpg
7204,Zhu_Rongji,.\data\lfw-deepfunneled\Zhu_Rongji\Zhu_Rongji_0006.jpg
6380,Recep_Tayyip_Erdogan,.\data\lfw-deepfunneled\Recep_Tayyip_Erdogan\Recep_Tayyip_Erdogan_0028.jpg
6011,Nestor_Kirchner,.\data\lfw-deepfunneled\Nestor_Kirchner\Nestor_Kirchner_0028.jpg
1104,Saddam_Hussein,.\data\lfw-deepfunneled\Saddam_Hussein\Saddam_Hussein_0006.jpg
4219,Paul_ONeill,.\data\lfw-deepfunneled\Paul_ONeill\Paul_ONeill_0009.jpg
7130,Hans_Blix,.\data\lfw-deepfunneled\Hans_Blix\Hans_Blix_0004.jpg
5290,Recep_Tayyip_Erdogan,.\data\lfw-deepfunneled\Recep_Tayyip_Erdogan\Recep_Tayyip_Erdogan_0012.jpg
772,Mahmoud_Abbas,.\data\lfw-deepfunneled\Mahmoud_Abbas\Mahmoud_Abbas_0024.jpg
8879,Jennifer_Capriati,.\data\lfw-deepfunneled\Jennifer_Capriati\Jennifer_Capriati_0037.jpg
1573,Jiri_Novak,.\data\lfw-deepfunneled\Jiri_Novak\Jiri_Novak_0002.jpg
3560,Spencer_Abraham,.\data\lfw-deepfunneled\Spencer_Abraham\Spencer_Abraham_0002.jpg
5888,Amelie_Mauresmo,.\data\lfw-deepfunneled\Amelie_Mauresmo\Amelie_Mauresmo_0017.jpg
7946,Dick_Cheney,.\data\lfw-deepfunneled\Dick_Cheney\Dick_Cheney_0001.jpg
3182,Alvaro_Uribe,.\data\lfw-deepfunneled\Alvaro_Uribe\Alvaro_Uribe_0031.jpg
7451,Serena_Williams,.\data\lfw-deepfunneled\Serena_Williams\Serena_Williams_0036.jpg
7329,Gloria_Macapagal_Arroyo,.\data\lfw-deepfunneled\Gloria_Macapagal_Arroyo\Gloria_Macapagal_Arroyo_0023.jpg
2975,Ariel_Sharon,.\data\lfw-deepfunneled\Ariel_Sharon\Ariel_Sharon_0051.jpg
8218,Jennifer_Capriati,.\data\lfw-deepfunneled\Jennifer_Capriati\Jennifer_Capriati_0006.jpg
5156,Pete_Sampras,.\data\lfw-deepfunneled\Pete_Sampras\Pete_Sampras_0005.jpg
7879,Hamid_Karzai,.\data\lfw-deepfunneled\Hamid_Karzai\Hamid_Karzai_0012.jpg
5323,Jennifer_Garner,.\data\lfw-deepfunneled\Jennifer_Garner\Jennifer_Garner_0007.jpg
5530,Roh_Moo-hyun,.\data\lfw-deepfunneled\Roh_Moo-hyun\Roh_Moo-hyun_0016.jpg
7045,David_Beckham,.\data\lfw-deepfunneled\David_Beckham\David_Beckham_0031.jpg
5169,Abdullah_Gul,.\data\lfw-deepfunneled\Abdullah_Gul\Abdullah_Gul_0012.jpg
7811,Ray_Romano,.\data\lfw-deepfunneled\Ray_Romano\Ray_Romano_0006.jpg
3715,Eduardo_Duhalde,.\data\lfw-deepfunneled\Eduardo_Duhalde\Eduardo_Duhalde_0014.jpg
7683,Jack_Straw,.\data\lfw-deepfunneled\Jack_Straw\Jack_Straw_0020.jpg
138,Jacques_Chirac,.\data\lfw-deepfunneled\Jacques_Chirac\Jacques_Chirac_0002.jpg
1899,Hans_Blix,.\data\lfw-deepfunneled\Hans_Blix\Hans_Blix_0038.jpg
8465,Gray_Davis,.\data\lfw-deepfunneled\Gray_Davis\Gray_Davis_0011.jpg
2967,Arnold_Schwarzenegger,.\data\lfw-deepfunneled\Arnold_Schwarzenegger\Arnold_Schwarzenegger_0020.jpg
1634,Hamid_Karzai,.\data\lfw-deepfunneled\Hamid_Karzai\Hamid_Karzai_0008.jpg
563,Vicente_Fox,.\data\lfw-deepfunneled\Vicente_Fox\Vicente_Fox_0018.jpg
7934,John_Ashcroft,.\data\lfw-deepfunneled\John_Ashcroft\John_Ashcroft_0021.jpg
5496,Jean_Chretien,.\data\lfw-deepfunneled\Jean_Chretien\Jean_Chretien_0041.jpg
1187,Pervez_Musharraf,.\data\lfw-deepfunneled\Pervez_Musharraf\Pervez_Musharraf_0017.jpg
5358,Hugh_Grant,.\data\lfw-deepfunneled\Hugh_Grant\Hugh_Grant_0009.jpg
7266,Ann_Veneman,.\data\lfw-deepfunneled\Ann_Veneman\Ann_Veneman_0002.jpg
106,Bill_Graham,.\data\lfw-deepfunneled\Bill_Graham\Bill_Graham_0009.jpg
7338,Tom_Ridge,.\data\lfw-deepfunneled\Tom_Ridge\Tom_Ridge_0010.jpg
2116,Kofi_Annan,.\data\lfw-deepfunneled\Kofi_Annan\Kofi_Annan_0028.jpg
8292,Andre_Agassi,.\data\lfw-deepfunneled\Andre_Agassi\Andre_Agassi_0019.jpg
7194,Mohammed_Al-Douri,.\data\lfw-deepfunneled\Mohammed_Al-Douri\Mohammed_Al-Douri_0011.jpg
5378,Catherine_Zeta-Jones,.\data\lfw-deepfunneled\Catherine_Zeta-Jones\Catherine_Zeta-Jones_0005.jpg
6869,Jackie_Chan,.\data\lfw-deepfunneled\Jackie_Chan\Jackie_Chan_0003.jpg
6700,Tang_Jiaxuan,.\data\lfw-deepfunneled\Tang_Jiaxuan\Tang_Jiaxuan_0007.jpg
1037,Jennifer_Aniston,.\data\lfw-deepfunneled\Jennifer_Aniston\Jennifer_Aniston_0019.jpg
7773,Tommy_Franks,.\data\lfw-deepfunneled\Tommy_Franks\Tommy_Franks_0003.jpg
3329,Richard_Gephardt,.\data\lfw-deepfunneled\Richard_Gephardt\Richard_Gephardt_0011.jpg
1125,Howard_Dean,.\data\lfw-deepfunneled\Howard_Dean\Howard_Dean_0006.jpg
3168,Trent_Lott,.\data\lfw-deepfunneled\Trent_Lott\Trent_Lott_0011.jpg
3775,Rudolph_Giuliani,.\data\lfw-deepfunneled\Rudolph_Giuliani\Rudolph_Giuliani_0023.jpg
1967,Junichiro_Koizumi,.\data\lfw-deepfunneled\Junichiro_Koizumi\Junichiro_Koizumi_0014.jpg
3557,Junichiro_Koizumi,.\data\lfw-deepfunneled\Junichiro_Koizumi\Junichiro_Koizumi_0044.jpg
8456,Jose_Maria_Aznar,.\data\lfw-deepfunneled\Jose_Maria_Aznar\Jose_Maria_Aznar_0014.jpg
9072,Atal_Bihari_Vajpayee,.\data\lfw-deepfunneled\Atal_Bihari_Vajpayee\Atal_Bihari_Vajpayee_0005.jpg
7589,Leonardo_DiCaprio,.\data\lfw-deepfunneled\Leonardo_DiCaprio\Leonardo_DiCaprio_0006.jpg
3695,Tiger_Woods,.\data\lfw-deepfunneled\Tiger_Woods\Tiger_Woods_0005.jpg
7558,Tim_Henman,.\data\lfw-deepfunneled\Tim_Henman\Tim_Henman_0004.jpg
3644,Alvaro_Uribe,.\data\lfw-deepfunneled\Alvaro_Uribe\Alvaro_Uribe_0034.jpg
6188,Vladimir_Putin,.\data\lfw-deepfunneled\Vladimir_Putin\Vladimir_Putin_0022.jpg
2355,John_Ashcroft,.\data\lfw-deepfunneled\John_Ashcroft\John_Ashcroft_0012.jpg
2959,Ariel_Sharon,.\data\lfw-deepfunneled\Ariel_Sharon\Ariel_Sharon_0066.jpg
4287,Igor_Ivanov,.\data\lfw-deepfunneled\Igor_Ivanov\Igor_Ivanov_0019.jpg
5003,Tommy_Thompson,.\data\lfw-deepfunneled\Tommy_Thompson\Tommy_Thompson_0002.jpg
6448,Hans_Blix,.\data\lfw-deepfunneled\Hans_Blix\Hans_Blix_0017.jpg
3647,Ariel_Sharon,.\data\lfw-deepfunneled\Ariel_Sharon\Ariel_Sharon_0038.jpg
4274,Junichiro_Koizumi,.\data\lfw-deepfunneled\Junichiro_Koizumi\Junichiro_Koizumi_0033.jpg
5894,Halle_Berry,.\data\lfw-deepfunneled\Halle_Berry\Halle_Berry_0014.jpg
3980,Tom_Ridge,.\data\lfw-deepfunneled\Tom_Ridge\Tom_Ridge_0026.jpg
8405,John_Ashcroft,.\data\lfw-deepfunneled\John_Ashcroft\John_Ashcroft_0007.jpg
5197,Bill_Clinton,.\data\lfw-deepfunneled\Bill_Clinton\Bill_Clinton_0001.jpg
3403,Serena_Williams,.\data\lfw-deepfunneled\Serena_Williams\Serena_Williams_0020.jpg
5822,Gray_Davis,.\data\lfw-deepfunneled\Gray_Davis\Gray_Davis_0003.jpg
1885,Lance_Armstrong,.\data\lfw-deepfunneled\Lance_Armstrong\Lance_Armstrong_0010.jpg
6793,Edmund_Stoiber,.\data\lfw-deepfunneled\Edmund_Stoiber\Edmund_Stoiber_0001.jpg
3010,Vaclav_Havel,.\data\lfw-deepfunneled\Vaclav_Havel\Vaclav_Havel_0007.jpg
4409,Kim_Clijsters,.\data\lfw-deepfunneled\Kim_Clijsters\Kim_Clijsters_0001.jpg
3856,John_Paul_II,.\data\lfw-deepfunneled\John_Paul_II\John_Paul_II_0011.jpg
6677,Mike_Weir,.\data\lfw-deepfunneled\Mike_Weir\Mike_Weir_0007.jpg
6939,Nicole_Kidman,.\data\lfw-deepfunneled\Nicole_Kidman\Nicole_Kidman_0009.jpg
585,Andre_Agassi,.\data\lfw-deepfunneled\Andre_Agassi\Andre_Agassi_0031.jpg
5422,Jennifer_Capriati,.\data\lfw-deepfunneled\Jennifer_Capriati\Jennifer_Capriati_0011.jpg
1616,Jason_Kidd,.\data\lfw-deepfunneled\Jason_Kidd\Jason_Kidd_0010.jpg
5953,Guillermo_Coria,.\data\lfw-deepfunneled\Guillermo_Coria\Guillermo_Coria_0006.jpg
484,Bill_Frist,.\data\lfw-deepfunneled\Bill_Frist\Bill_Frist_0002.jpg
8002,Jesse_Jackson,.\data\lfw-deepfunneled\Jesse_Jackson\Jesse_Jackson_0002.jpg
2553,Javier_Solana,.\data\lfw-deepfunneled\Javier_Solana\Javier_Solana_0006.jpg
1168,Kim_Ryong-sung,.\data\lfw-deepfunneled\Kim_Ryong-sung\Kim_Ryong-sung_0009.jpg
1925,Sylvester_Stallone,.\data\lfw-deepfunneled\Sylvester_Stallone\Sylvester_Stallone_0004.jpg
248,Junichiro_Koizumi,.\data\lfw-deepfunneled\Junichiro_Koizumi\Junichiro_Koizumi_0043.jpg
9075,Hugo_Chavez,.\data\lfw-deepfunneled\Hugo_Chavez\Hugo_Chavez_0011.jpg
4594,John_Negroponte,.\data\lfw-deepfunneled\John_Negroponte\John_Negroponte_0026.jpg
6259,Meryl_Streep,.\data\lfw-deepfunneled\Meryl_Streep\Meryl_Streep_0006.jpg
3248,Adrien_Brody,.\data\lfw-deepfunneled\Adrien_Brody\Adrien_Brody_0003.jpg
5393,Nicanor_Duarte_Frutos,.\data\lfw-deepfunneled\Nicanor_Duarte_Frutos\Nicanor_Duarte_Frutos_0011.jpg
2557,Angelina_Jolie,.\data\lfw-deepfunneled\Angelina_Jolie\Angelina_Jolie_0003.jpg
4679,Paul_Bremer,.\data\lfw-deepfunneled\Paul_Bremer\Paul_Bremer_0014.jpg
437,Recep_Tayyip_Erdogan,.\data\lfw-deepfunneled\Recep_Tayyip_Erdogan\Recep_Tayyip_Erdogan_0017.jpg
550,Richard_Gephardt,.\data\lfw-deepfunneled\Richard_Gephardt\Richard_Gephardt_0009.jpg
7332,Jeb_Bush,.\data\lfw-deepfunneled\Jeb_Bush\Jeb_Bush_0007.jpg
3433,Recep_Tayyip_Erdogan,.\data\lfw-deepfunneled\Recep_Tayyip_Erdogan\Recep_Tayyip_Erdogan_0010.jpg
186,Tiger_Woods,.\data\lfw-deepfunneled\Tiger_Woods\Tiger_Woods_0015.jpg
5468,Tom_Ridge,.\data\lfw-deepfunneled\Tom_Ridge\Tom_Ridge_0032.jpg
4615,Bill_Gates,.\data\lfw-deepfunneled\Bill_Gates\Bill_Gates_0008.jpg
3514,Nicole_Kidman,.\data\lfw-deepfunneled\Nicole_Kidman\Nicole_Kidman_0014.jpg
8885,Jennifer_Lopez,.\data\lfw-deepfunneled\Jennifer_Lopez\Jennifer_Lopez_0021.jpg
5601,Hugo_Chavez,.\data\lfw-deepfunneled\Hugo_Chavez\Hugo_Chavez_0007.jpg
7242,Atal_Bihari_Vajpayee,.\data\lfw-deepfunneled\Atal_Bihari_Vajpayee\Atal_Bihari_Vajpayee_0001.jpg
5139,Jiang_Zemin,.\data\lfw-deepfunneled\Jiang_Zemin\Jiang_Zemin_0005.jpg
5502,Mohammed_Al-Douri,.\data\lfw-deepfunneled\Mohammed_Al-Douri\Mohammed_Al-Douri_0007.jpg
2596,John_Negroponte,.\data\lfw-deepfunneled\John_Negroponte\John_Negroponte_0022.jpg
282,Jennifer_Capriati,.\data\lfw-deepfunneled\Jennifer_Capriati\Jennifer_Capriati_0012.jpg
3081,Juan_Carlos_Ferrero,.\data\lfw-deepfunneled\Juan_Carlos_Ferrero\Juan_Carlos_Ferrero_0021.jpg
3700,Alejandro_Toledo,.\data\lfw-deepfunneled\Alejandro_Toledo\Alejandro_Toledo_0026.jpg
5335,Carlos_Moya,.\data\lfw-deepfunneled\Carlos_Moya\Carlos_Moya_0003.jpg
8992,Jean_Chretien,.\data\lfw-deepfunneled\Jean_Chretien\Jean_Chretien_0053.jpg
4025,Nestor_Kirchner,.\data\lfw-deepfunneled\Nestor_Kirchner\Nestor_Kirchner_0002.jpg
8647,Kofi_Annan,.\data\lfw-deepfunneled\Kofi_Annan\Kofi_Annan_0031.jpg
6641,Hugo_Chavez,.\data\lfw-deepfunneled\Hugo_Chavez\Hugo_Chavez_0036.jpg
6888,Junichiro_Koizumi,.\data\lfw-deepfunneled\Junichiro_Koizumi\Junichiro_Koizumi_0011.jpg
5280,Hugo_Chavez,.\data\lfw-deepfunneled\Hugo_Chavez\Hugo_Chavez_0034.jpg
6697,Tom_Daschle,.\data\lfw-deepfunneled\Tom_Daschle\Tom_Daschle_0007.jpg
1521,Nancy_Pelosi,.\data\lfw-deepfunneled\Nancy_Pelosi\Nancy_Pelosi_0011.jpg
4349,Heizo_Takenaka,.\data\lfw-deepfunneled\Heizo_Takenaka\Heizo_Takenaka_0002.jpg
4802,Leonardo_DiCaprio,.\data\lfw-deepfunneled\Leonardo_DiCaprio\Leonardo_DiCaprio_0007.jpg
1924,Bill_Frist,.\data\lfw-deepfunneled\Bill_Frist\Bill_Frist_0009.jpg
2271,John_Ashcroft,.\data\lfw-deepfunneled\John_Ashcroft\John_Ashcroft_0030.jpg
5657,Tung_Chee-hwa,.\data\lfw-deepfunneled\Tung_Chee-hwa\Tung_Chee-hwa_0002.jpg
7861,Serena_Williams,.\data\lfw-deepfunneled\Serena_Williams\Serena_Williams_0028.jpg
2645,Salma_Hayek,.\data\lfw-deepfunneled\Salma_Hayek\Salma_Hayek_0002.jpg
1228,Charles_Moose,.\data\lfw-deepfunneled\Charles_Moose\Charles_Moose_0002.jpg
3747,Tom_Cruise,.\data\lfw-deepfunneled\Tom_Cruise\Tom_Cruise_0007.jpg
8520,Pete_Sampras,.\data\lfw-deepfunneled\Pete_Sampras\Pete_Sampras_0002.jpg
3137,John_Kerry,.\data\lfw-deepfunneled\John_Kerry\John_Kerry_0004.jpg
4873,Kim_Ryong-sung,.\data\lfw-deepfunneled\Kim_Ryong-sung\Kim_Ryong-sung_0004.jpg
882,John_Abizaid,.\data\lfw-deepfunneled\John_Abizaid\John_Abizaid_0007.jpg
5528,Vladimir_Putin,.\data\lfw-deepfunneled\Vladimir_Putin\Vladimir_Putin_0004.jpg
2692,Hans_Blix,.\data\lfw-deepfunneled\Hans_Blix\Hans_Blix_0016.jpg
1784,Kofi_Annan,.\data\lfw-deepfunneled\Kofi_Annan\Kofi_Annan_0009.jpg
1327,Kofi_Annan,.\data\lfw-deepfunneled\Kofi_Annan\Kofi_Annan_0021.jpg
3006,Rubens_Barrichello,.\data\lfw-deepfunneled\Rubens_Barrichello\Rubens_Barrichello_0003.jpg
1341,Bill_McBride,.\data\lfw-deepfunneled\Bill_McBride\Bill_McBride_0003.jpg
6704,Igor_Ivanov,.\data\lfw-deepfunneled\Igor_Ivanov\Igor_Ivanov_0009.jpg
5580,Tiger_Woods,.\data\lfw-deepfunneled\Tiger_Woods\Tiger_Woods_0008.jpg
1520,Richard_Gere,.\data\lfw-deepfunneled\Richard_Gere\Richard_Gere_0001.jpg
3313,Hugo_Chavez,.\data\lfw-deepfunneled\Hugo_Chavez\Hugo_Chavez_0064.jpg
5840,Gloria_Macapagal_Arroyo,.\data\lfw-deepfunneled\Gloria_Macapagal_Arroyo\Gloria_Macapagal_Arroyo_0040.jpg
5445,Mike_Weir,.\data\lfw-deepfunneled\Mike_Weir\Mike_Weir_0003.jpg
5276,Luiz_Inacio_Lula_da_Silva,.\data\lfw-deepfunneled\Luiz_Inacio_Lula_da_Silva\Luiz_Inacio_Lula_da_Silva_0037.jpg
8063,Megawati_Sukarnoputri,.\data\lfw-deepfunneled\Megawati_Sukarnoputri\Megawati_Sukarnoputri_0015.jpg
7487,Jennifer_Capriati,.\data\lfw-deepfunneled\Jennifer_Capriati\Jennifer_Capriati_0025.jpg
5000,Ariel_Sharon,.\data\lfw-deepfunneled\Ariel_Sharon\Ariel_Sharon_0049.jpg
5681,Joe_Lieberman,.\data\lfw-deepfunneled\Joe_Lieberman\Joe_Lieberman_0003.jpg
4583,Tom_Ridge,.\data\lfw-deepfunneled\Tom_Ridge\Tom_Ridge_0015.jpg
3960,Edmund_Stoiber,.\data\lfw-deepfunneled\Edmund_Stoiber\Edmund_Stoiber_0003.jpg
3721,Howard_Dean,.\data\lfw-deepfunneled\Howard_Dean\Howard_Dean_0011.jpg
8968,Trent_Lott,.\data\lfw-deepfunneled\Trent_Lott\Trent_Lott_0013.jpg
8187,Atal_Bihari_Vajpayee,.\data\lfw-deepfunneled\Atal_Bihari_Vajpayee\Atal_Bihari_Vajpayee_0021.jpg
4200,Atal_Bihari_Vajpayee,.\data\lfw-deepfunneled\Atal_Bihari_Vajpayee\Atal_Bihari_Vajpayee_0014.jpg
2785,Paradorn_Srichaphan,.\data\lfw-deepfunneled\Paradorn_Srichaphan\Paradorn_Srichaphan_0001.jpg
6902,Jean_Chretien,.\data\lfw-deepfunneled\Jean_Chretien\Jean_Chretien_0047.jpg
4835,Roger_Federer,.\data\lfw-deepfunneled\Roger_Federer\Roger_Federer_0001.jpg
8699,Gray_Davis,.\data\lfw-deepfunneled\Gray_Davis\Gray_Davis_0014.jpg
2724,Jeremy_Greenstock,.\data\lfw-deepfunneled\Jeremy_Greenstock\Jeremy_Greenstock_0013.jpg
7726,Silvio_Berlusconi,.\data\lfw-deepfunneled\Silvio_Berlusconi\Silvio_Berlusconi_0028.jpg
7326,Jean_Chretien,.\data\lfw-deepfunneled\Jean_Chretien\Jean_Chretien_0040.jpg
6113,Tommy_Thompson,.\data\lfw-deepfunneled\Tommy_Thompson\Tommy_Thompson_0009.jpg
4501,Jose_Maria_Aznar,.\data\lfw-deepfunneled\Jose_Maria_Aznar\Jose_Maria_Aznar_0016.jpg
3131,Jean-David_Levitte,.\data\lfw-deepfunneled\Jean-David_Levitte\Jean-David_Levitte_0007.jpg
4127,Jose_Maria_Aznar,.\data\lfw-deepfunneled\Jose_Maria_Aznar\Jose_Maria_Aznar_0001.jpg
2138,Wen_Jiabao,.\data\lfw-deepfunneled\Wen_Jiabao\Wen_Jiabao_0010.jpg
7542,Alejandro_Toledo,.\data\lfw-deepfunneled\Alejandro_Toledo\Alejandro_Toledo_0024.jpg
5232,Catherine_Zeta-Jones,.\data\lfw-deepfunneled\Catherine_Zeta-Jones\Catherine_Zeta-Jones_0001.jpg
3504,Britney_Spears,.\data\lfw-deepfunneled\Britney_Spears\Britney_Spears_0001.jpg
5350,Hans_Blix,.\data\lfw-deepfunneled\Hans_Blix\Hans_Blix_0022.jpg
3840,Thomas_OBrien,.\data\lfw-deepfunneled\Thomas_OBrien\Thomas_OBrien_0003.jpg
4975,Megawati_Sukarnoputri,.\data\lfw-deepfunneled\Megawati_Sukarnoputri\Megawati_Sukarnoputri_0027.jpg
8247,Jean_Charest,.\data\lfw-deepfunneled\Jean_Charest\Jean_Charest_0012.jpg
1360,Alejandro_Toledo,.\data\lfw-deepfunneled\Alejandro_Toledo\Alejandro_Toledo_0035.jpg
3692,Britney_Spears,.\data\lfw-deepfunneled\Britney_Spears\Britney_Spears_0003.jpg
7583,Jean_Charest,.\data\lfw-deepfunneled\Jean_Charest\Jean_Charest_0013.jpg
5506,Pierce_Brosnan,.\data\lfw-deepfunneled\Pierce_Brosnan\Pierce_Brosnan_0008.jpg
6038,Paul_Burrell,.\data\lfw-deepfunneled\Paul_Burrell\Paul_Burrell_0007.jpg
4377,Bill_Clinton,.\data\lfw-deepfunneled\Bill_Clinton\Bill_Clinton_0004.jpg
104,Jennifer_Aniston,.\data\lfw-deepfunneled\Jennifer_Aniston\Jennifer_Aniston_0002.jpg
3784,Jean_Chretien,.\data\lfw-deepfunneled\Jean_Chretien\Jean_Chretien_0024.jpg
7656,James_Blake,.\data\lfw-deepfunneled\James_Blake\James_Blake_0012.jpg
2272,Arnold_Schwarzenegger,.\data\lfw-deepfunneled\Arnold_Schwarzenegger\Arnold_Schwarzenegger_0025.jpg
6407,Jiri_Novak,.\data\lfw-deepfunneled\Jiri_Novak\Jiri_Novak_0007.jpg
6655,Tom_Hanks,.\data\lfw-deepfunneled\Tom_Hanks\Tom_Hanks_0009.jpg
2485,George_Clooney,.\data\lfw-deepfunneled\George_Clooney\George_Clooney_0007.jpg
8190,Jeb_Bush,.\data\lfw-deepfunneled\Jeb_Bush\Jeb_Bush_0005.jpg
6685,Hugo_Chavez,.\data\lfw-deepfunneled\Hugo_Chavez\Hugo_Chavez_0029.jpg
2701,Gloria_Macapagal_Arroyo,.\data\lfw-deepfunneled\Gloria_Macapagal_Arroyo\Gloria_Macapagal_Arroyo_0003.jpg
481,Richard_Myers,.\data\lfw-deepfunneled\Richard_Myers\Richard_Myers_0001.jpg
7184,Nicole_Kidman,.\data\lfw-deepfunneled\Nicole_Kidman\Nicole_Kidman_0004.jpg
8306,Serena_Williams,.\data\lfw-deepfunneled\Serena_Williams\Serena_Williams_0014.jpg
851,Norah_Jones,.\data\lfw-deepfunneled\Norah_Jones\Norah_Jones_0001.jpg
7630,Harrison_Ford,.\data\lfw-deepfunneled\Harrison_Ford\Harrison_Ford_0009.jpg
6632,Abdullah_Gul,.\data\lfw-deepfunneled\Abdullah_Gul\Abdullah_Gul_0016.jpg
3711,Winona_Ryder,.\data\lfw-deepfunneled\Winona_Ryder\Winona_Ryder_0001.jpg
4931,Junichiro_Koizumi,.\data\lfw-deepfunneled\Junichiro_Koizumi\Junichiro_Koizumi_0047.jpg
5922,Juan_Carlos_Ferrero,.\data\lfw-deepfunneled\Juan_Carlos_Ferrero\Juan_Carlos_Ferrero_0010.jpg
956,Megawati_Sukarnoputri,.\data\lfw-deepfunneled\Megawati_Sukarnoputri\Megawati_Sukarnoputri_0016.jpg
2950,Venus_Williams,.\data\lfw-deepfunneled\Venus_Williams\Venus_Williams_0014.jpg
4039,Jacques_Chirac,.\data\lfw-deepfunneled\Jacques_Chirac\Jacques_Chirac_0009.jpg
8843,Andre_Agassi,.\data\lfw-deepfunneled\Andre_Agassi\Andre_Agassi_0006.jpg
3039,Alejandro_Toledo,.\data\lfw-deepfunneled\Alejandro_Toledo\Alejandro_Toledo_0027.jpg
7028,Luiz_Inacio_Lula_da_Silva,.\data\lfw-deepfunneled\Luiz_Inacio_Lula_da_Silva\Luiz_Inacio_Lula_da_Silva_0040.jpg
8271,Angelina_Jolie,.\data\lfw-deepfunneled\Angelina_Jolie\Angelina_Jolie_0018.jpg
7328,Ariel_Sharon,.\data\lfw-deepfunneled\Ariel_Sharon\Ariel_Sharon_0026.jpg
3453,Juan_Carlos_Ferrero,.\data\lfw-deepfunneled\Juan_Carlos_Ferrero\Juan_Carlos_Ferrero_0013.jpg
300,Michael_Jackson,.\data\lfw-deepfunneled\Michael_Jackson\Michael_Jackson_0005.jpg
1490,Atal_Bihari_Vajpayee,.\data\lfw-deepfunneled\Atal_Bihari_Vajpayee\Atal_Bihari_Vajpayee_0002.jpg
268,Silvio_Berlusconi,.\data\lfw-deepfunneled\Silvio_Berlusconi\Silvio_Berlusconi_0003.jpg
2209,Luiz_Inacio_Lula_da_Silva,.\data\lfw-deepfunneled\Luiz_Inacio_Lula_da_Silva\Luiz_Inacio_Lula_da_Silva_0032.jpg
1016,Lindsay_Davenport,.\data\lfw-deepfunneled\Lindsay_Davenport\Lindsay_Davenport_0012.jpg
8536,Ari_Fleischer,.\data\lfw-deepfunneled\Ari_Fleischer\Ari_Fleischer_0011.jpg
8493,Kim_Clijsters,.\data\lfw-deepfunneled\Kim_Clijsters\Kim_Clijsters_0012.jpg
1654,Andy_Roddick,.\data\lfw-deepfunneled\Andy_Roddick\Andy_Roddick_0002.jpg
2761,Jose_Serra,.\data\lfw-deepfunneled\Jose_Serra\Jose_Serra_0007.jpg
3569,Nancy_Pelosi,.\data\lfw-deepfunneled\Nancy_Pelosi\Nancy_Pelosi_0014.jpg
1571,John_Kerry,.\data\lfw-deepfunneled\John_Kerry\John_Kerry_0006.jpg
2531,Anna_Kournikova,.\data\lfw-deepfunneled\Anna_Kournikova\Anna_Kournikova_0006.jpg
2647,Dominique_de_Villepin,.\data\lfw-deepfunneled\Dominique_de_Villepin\Dominique_de_Villepin_0015.jpg
7581,John_Bolton,.\data\lfw-deepfunneled\John_Bolton\John_Bolton_0008.jpg
1382,Hans_Blix,.\data\lfw-deepfunneled\Hans_Blix\Hans_Blix_0027.jpg
3845,Saddam_Hussein,.\data\lfw-deepfunneled\Saddam_Hussein\Saddam_Hussein_0015.jpg
991,Tung_Chee-hwa,.\data\lfw-deepfunneled\Tung_Chee-hwa\Tung_Chee-hwa_0004.jpg
935,Hugo_Chavez,.\data\lfw-deepfunneled\Hugo_Chavez\Hugo_Chavez_0021.jpg
799,Ian_Thorpe,.\data\lfw-deepfunneled\Ian_Thorpe\Ian_Thorpe_0010.jpg
4870,Serena_Williams,.\data\lfw-deepfunneled\Serena_Williams\Serena_Williams_0038.jpg
6229,Rudolph_Giuliani,.\data\lfw-deepfunneled\Rudolph_Giuliani\Rudolph_Giuliani_0015.jpg
1938,Queen_Elizabeth_II,.\data\lfw-deepfunneled\Queen_Elizabeth_II\Queen_Elizabeth_II_0008.jpg
5286,Gloria_Macapagal_Arroyo,.\data\lfw-deepfunneled\Gloria_Macapagal_Arroyo\Gloria_Macapagal_Arroyo_0011.jpg
1271,Saddam_Hussein,.\data\lfw-deepfunneled\Saddam_Hussein\Saddam_Hussein_0022.jpg
8259,Roger_Federer,.\data\lfw-deepfunneled\Roger_Federer\Roger_Federer_0011.jpg
5914,Wen_Jiabao,.\data\lfw-deepfunneled\Wen_Jiabao\Wen_Jiabao_0002.jpg
2025,Jacques_Chirac,.\data\lfw-deepfunneled\Jacques_Chirac\Jacques_Chirac_0022.jpg
3832,John_Negroponte,.\data\lfw-deepfunneled\John_Negroponte\John_Negroponte_0008.jpg
8895,Junichiro_Koizumi,.\data\lfw-deepfunneled\Junichiro_Koizumi\Junichiro_Koizumi_0057.jpg
5764,Julie_Gerberding,.\data\lfw-deepfunneled\Julie_Gerberding\Julie_Gerberding_0009.jpg
8559,Jacques_Chirac,.\data\lfw-deepfunneled\Jacques_Chirac\Jacques_Chirac_0018.jpg
8151,Michael_Bloomberg,.\data\lfw-deepfunneled\Michael_Bloomberg\Michael_Bloomberg_0011.jpg
8128,Walter_Mondale,.\data\lfw-deepfunneled\Walter_Mondale\Walter_Mondale_0004.jpg
2198,Gloria_Macapagal_Arroyo,.\data\lfw-deepfunneled\Gloria_Macapagal_Arroyo\Gloria_Macapagal_Arroyo_0027.jpg
8771,Meryl_Streep,.\data\lfw-deepfunneled\Meryl_Streep\Meryl_Streep_0004.jpg
6671,Jose_Maria_Aznar,.\data\lfw-deepfunneled\Jose_Maria_Aznar\Jose_Maria_Aznar_0011.jpg
6444,Julie_Gerberding,.\data\lfw-deepfunneled\Julie_Gerberding\Julie_Gerberding_0010.jpg
2357,Venus_Williams,.\data\lfw-deepfunneled\Venus_Williams\Venus_Williams_0001.jpg
8704,Sergio_Vieira_De_Mello,.\data\lfw-deepfunneled\Sergio_Vieira_De_Mello\Sergio_Vieira_De_Mello_0008.jpg
933,John_Ashcroft,.\data\lfw-deepfunneled\John_Ashcroft\John_Ashcroft_0011.jpg
4860,George_Clooney,.\data\lfw-deepfunneled\George_Clooney\George_Clooney_0001.jpg
4323,Bill_Clinton,.\data\lfw-deepfunneled\Bill_Clinton\Bill_Clinton_0003.jpg
7241,Winona_Ryder,.\data\lfw-deepfunneled\Winona_Ryder\Winona_Ryder_0006.jpg
3935,Angelina_Jolie,.\data\lfw-deepfunneled\Angelina_Jolie\Angelina_Jolie_0012.jpg
7735,Vladimir_Putin,.\data\lfw-deepfunneled\Vladimir_Putin\Vladimir_Putin_0041.jpg
3423,John_Bolton,.\data\lfw-deepfunneled\John_Bolton\John_Bolton_0003.jpg
4285,Thomas_OBrien,.\data\lfw-deepfunneled\Thomas_OBrien\Thomas_OBrien_0004.jpg
8678,Jeremy_Greenstock,.\data\lfw-deepfunneled\Jeremy_Greenstock\Jeremy_Greenstock_0005.jpg
1621,Ariel_Sharon,.\data\lfw-deepfunneled\Ariel_Sharon\Ariel_Sharon_0008.jpg
7313,Roh_Moo-hyun,.\data\lfw-deepfunneled\Roh_Moo-hyun\Roh_Moo-hyun_0029.jpg
909,Nestor_Kirchner,.\data\lfw-deepfunneled\Nestor_Kirchner\Nestor_Kirchner_0015.jpg
4813,Lance_Armstrong,.\data\lfw-deepfunneled\Lance_Armstrong\Lance_Armstrong_0001.jpg
2831,Richard_Gere,.\data\lfw-deepfunneled\Richard_Gere\Richard_Gere_0007.jpg
224,Vicente_Fox,.\data\lfw-deepfunneled\Vicente_Fox\Vicente_Fox_0024.jpg
1268,Vladimir_Putin,.\data\lfw-deepfunneled\Vladimir_Putin\Vladimir_Putin_0010.jpg
670,Walter_Mondale,.\data\lfw-deepfunneled\Walter_Mondale\Walter_Mondale_0010.jpg
8739,Recep_Tayyip_Erdogan,.\data\lfw-deepfunneled\Recep_Tayyip_Erdogan\Recep_Tayyip_Erdogan_0020.jpg
3032,Michael_Bloomberg,.\data\lfw-deepfunneled\Michael_Bloomberg\Michael_Bloomberg_0008.jpg
443,Paradorn_Srichaphan,.\data\lfw-deepfunneled\Paradorn_Srichaphan\Paradorn_Srichaphan_0010.jpg
8672,Rudolph_Giuliani,.\data\lfw-deepfunneled\Rudolph_Giuliani\Rudolph_Giuliani_0012.jpg
4363,Megawati_Sukarnoputri,.\data\lfw-deepfunneled\Megawati_Sukarnoputri\Megawati_Sukarnoputri_0004.jpg
2869,Colin_Farrell,.\data\lfw-deepfunneled\Colin_Farrell\Colin_Farrell_0001.jpg
4140,Jeremy_Greenstock,.\data\lfw-deepfunneled\Jeremy_Greenstock\Jeremy_Greenstock_0022.jpg
4757,Winona_Ryder,.\data\lfw-deepfunneled\Winona_Ryder\Winona_Ryder_0010.jpg
5954,Alvaro_Uribe,.\data\lfw-deepfunneled\Alvaro_Uribe\Alvaro_Uribe_0010.jpg
8026,Jennifer_Garner,.\data\lfw-deepfunneled\Jennifer_Garner\Jennifer_Garner_0005.jpg
4006,Meryl_Streep,.\data\lfw-deepfunneled\Meryl_Streep\Meryl_Streep_0011.jpg
6918,Charles_Taylor,.\data\lfw-deepfunneled\Charles_Taylor\Charles_Taylor_0009.jpg
5010,Jacques_Rogge,.\data\lfw-deepfunneled\Jacques_Rogge\Jacques_Rogge_0010.jpg
1652,Richard_Armitage,.\data\lfw-deepfunneled\Richard_Armitage\Richard_Armitage_0003.jpg
1444,Naomi_Watts,.\data\lfw-deepfunneled\Naomi_Watts\Naomi_Watts_0004.jpg
5425,Mohammad_Khatami,.\data\lfw-deepfunneled\Mohammad_Khatami\Mohammad_Khatami_0001.jpg
669,Megawati_Sukarnoputri,.\data\lfw-deepfunneled\Megawati_Sukarnoputri\Megawati_Sukarnoputri_0019.jpg
125,Silvio_Berlusconi,.\data\lfw-deepfunneled\Silvio_Berlusconi\Silvio_Berlusconi_0030.jpg
8948,Renee_Zellweger,.\data\lfw-deepfunneled\Renee_Zellweger\Renee_Zellweger_0013.jpg
3376,Ariel_Sharon,.\data\lfw-deepfunneled\Ariel_Sharon\Ariel_Sharon_0058.jpg
2540,Vaclav_Havel,.\data\lfw-deepfunneled\Vaclav_Havel\Vaclav_Havel_0008.jpg
7977,Guillermo_Coria,.\data\lfw-deepfunneled\Guillermo_Coria\Guillermo_Coria_0012.jpg
428,Luiz_Inacio_Lula_da_Silva,.\data\lfw-deepfunneled\Luiz_Inacio_Lula_da_Silva\Luiz_Inacio_Lula_da_Silva_0014.jpg
4378,Nicole_Kidman,.\data\lfw-deepfunneled\Nicole_Kidman\Nicole_Kidman_0010.jpg
6263,Jiang_Zemin,.\data\lfw-deepfunneled\Jiang_Zemin\Jiang_Zemin_0015.jpg
2842,Julie_Gerberding,.\data\lfw-deepfunneled\Julie_Gerberding\Julie_Gerberding_0014.jpg
1997,Bill_McBride,.\data\lfw-deepfunneled\Bill_McBride\Bill_McBride_0009.jpg
4484,Silvio_Berlusconi,.\data\lfw-deepfunneled\Silvio_Berlusconi\Silvio_Berlusconi_0031.jpg
6088,Jiang_Zemin,.\data\lfw-deepfunneled\Jiang_Zemin\Jiang_Zemin_0007.jpg
226,John_Snow,.\data\lfw-deepfunneled\John_Snow\John_Snow_0011.jpg
1501,Ricardo_Lagos,.\data\lfw-deepfunneled\Ricardo_Lagos\Ricardo_Lagos_0003.jpg
9077,Carlos_Moya,.\data\lfw-deepfunneled\Carlos_Moya\Carlos_Moya_0018.jpg
6787,Joe_Lieberman,.\data\lfw-deepfunneled\Joe_Lieberman\Joe_Lieberman_0009.jpg
3758,Vicente_Fox,.\data\lfw-deepfunneled\Vicente_Fox\Vicente_Fox_0004.jpg
4431,Igor_Ivanov,.\data\lfw-deepfunneled\Igor_Ivanov\Igor_Ivanov_0001.jpg
2901,Michael_Schumacher,.\data\lfw-deepfunneled\Michael_Schumacher\Michael_Schumacher_0004.jpg
2158,George_HW_Bush,.\data\lfw-deepfunneled\George_HW_Bush\George_HW_Bush_0011.jpg
2805,Bill_Clinton,.\data\lfw-deepfunneled\Bill_Clinton\Bill_Clinton_0014.jpg
7033,Gloria_Macapagal_Arroyo,.\data\lfw-deepfunneled\Gloria_Macapagal_Arroyo\Gloria_Macapagal_Arroyo_0032.jpg
5507,Joschka_Fischer,.\data\lfw-deepfunneled\Joschka_Fischer\Joschka_Fischer_0015.jpg
36,Laura_Bush,.\data\lfw-deepfunneled\Laura_Bush\Laura_Bush_0039.jpg
777,Juan_Carlos_Ferrero,.\data\lfw-deepfunneled\Juan_Carlos_Ferrero\Juan_Carlos_Ferrero_0012.jpg
431,Roh_Moo-hyun,.\data\lfw-deepfunneled\Roh_Moo-hyun\Roh_Moo-hyun_0026.jpg
3296,Tom_Daschle,.\data\lfw-deepfunneled\Tom_Daschle\Tom_Daschle_0004.jpg
1523,Arnold_Schwarzenegger,.\data\lfw-deepfunneled\Arnold_Schwarzenegger\Arnold_Schwarzenegger_0027.jpg
2153,David_Beckham,.\data\lfw-deepfunneled\David_Beckham\David_Beckham_0004.jpg
4549,Gloria_Macapagal_Arroyo,.\data\lfw-deepfunneled\Gloria_Macapagal_Arroyo\Gloria_Macapagal_Arroyo_0020.jpg
6690,Roh_Moo-hyun,.\data\lfw-deepfunneled\Roh_Moo-hyun\Roh_Moo-hyun_0008.jpg
137,Arnold_Schwarzenegger,.\data\lfw-deepfunneled\Arnold_Schwarzenegger\Arnold_Schwarzenegger_0035.jpg
8117,Laura_Bush,.\data\lfw-deepfunneled\Laura_Bush\Laura_Bush_0004.jpg
4155,Ricardo_Lagos,.\data\lfw-deepfunneled\Ricardo_Lagos\Ricardo_Lagos_0014.jpg
4548,Ricardo_Lagos,.\data\lfw-deepfunneled\Ricardo_Lagos\Ricardo_Lagos_0017.jpg
8392,Jennifer_Capriati,.\data\lfw-deepfunneled\Jennifer_Capriati\Jennifer_Capriati_0016.jpg
3892,Tom_Daschle,.\data\lfw-deepfunneled\Tom_Daschle\Tom_Daschle_0016.jpg
707,Hugo_Chavez,.\data\lfw-deepfunneled\Hugo_Chavez\Hugo_Chavez_0028.jpg
451,Paul_ONeill,.\data\lfw-deepfunneled\Paul_ONeill\Paul_ONeill_0005.jpg
4997,Jacques_Chirac,.\data\lfw-deepfunneled\Jacques_Chirac\Jacques_Chirac_0041.jpg
5961,John_Ashcroft,.\data\lfw-deepfunneled\John_Ashcroft\John_Ashcroft_0024.jpg
1160,Ari_Fleischer,.\data\lfw-deepfunneled\Ari_Fleischer\Ari_Fleischer_0005.jpg
2597,Guillermo_Coria,.\data\lfw-deepfunneled\Guillermo_Coria\Guillermo_Coria_0016.jpg
6443,Sergey_Lavrov,.\data\lfw-deepfunneled\Sergey_Lavrov\Sergey_Lavrov_0011.jpg
2726,Lindsay_Davenport,.\data\lfw-deepfunneled\Lindsay_Davenport\Lindsay_Davenport_0011.jpg
1936,Paul_Burrell,.\data\lfw-deepfunneled\Paul_Burrell\Paul_Burrell_0004.jpg
4886,Serena_Williams,.\data\lfw-deepfunneled\Serena_Williams\Serena_Williams_0044.jpg
3044,George_Robertson,.\data\lfw-deepfunneled\George_Robertson\George_Robertson_0022.jpg
5985,Joan_Laporta,.\data\lfw-deepfunneled\Joan_Laporta\Joan_Laporta_0004.jpg
2264,John_Negroponte,.\data\lfw-deepfunneled\John_Negroponte\John_Negroponte_0021.jpg
1010,Paul_Bremer,.\data\lfw-deepfunneled\Paul_Bremer\Paul_Bremer_0006.jpg
3658,Serena_Williams,.\data\lfw-deepfunneled\Serena_Williams\Serena_Williams_0006.jpg
4513,Spencer_Abraham,.\data\lfw-deepfunneled\Spencer_Abraham\Spencer_Abraham_0004.jpg
6649,Bill_Clinton,.\data\lfw-deepfunneled\Bill_Clinton\Bill_Clinton_0024.jpg
5452,Gray_Davis,.\data\lfw-deepfunneled\Gray_Davis\Gray_Davis_0016.jpg
7246,Nancy_Pelosi,.\data\lfw-deepfunneled\Nancy_Pelosi\Nancy_Pelosi_0012.jpg
6024,Dominique_de_Villepin,.\data\lfw-deepfunneled\Dominique_de_Villepin\Dominique_de_Villepin_0005.jpg
8438,Tommy_Franks,.\data\lfw-deepfunneled\Tommy_Franks\Tommy_Franks_0004.jpg
4327,Carlos_Menem,.\data\lfw-deepfunneled\Carlos_Menem\Carlos_Menem_0021.jpg
7413,Laura_Bush,.\data\lfw-deepfunneled\Laura_Bush\Laura_Bush_0009.jpg
1472,Angelina_Jolie,.\data\lfw-deepfunneled\Angelina_Jolie\Angelina_Jolie_0009.jpg
2602,Halle_Berry,.\data\lfw-deepfunneled\Halle_Berry\Halle_Berry_0007.jpg
6212,Dick_Cheney,.\data\lfw-deepfunneled\Dick_Cheney\Dick_Cheney_0007.jpg
645,Yoriko_Kawaguchi,.\data\lfw-deepfunneled\Yoriko_Kawaguchi\Yoriko_Kawaguchi_0009.jpg
390,Hamid_Karzai,.\data\lfw-deepfunneled\Hamid_Karzai\Hamid_Karzai_0021.jpg
3087,Junichiro_Koizumi,.\data\lfw-deepfunneled\Junichiro_Koizumi\Junichiro_Koizumi_0021.jpg
5688,Andre_Agassi,.\data\lfw-deepfunneled\Andre_Agassi\Andre_Agassi_0025.jpg
3868,Lance_Armstrong,.\data\lfw-deepfunneled\Lance_Armstrong\Lance_Armstrong_0009.jpg
3649,Jennifer_Lopez,.\data\lfw-deepfunneled\Jennifer_Lopez\Jennifer_Lopez_0009.jpg
1541,Pierce_Brosnan,.\data\lfw-deepfunneled\Pierce_Brosnan\Pierce_Brosnan_0013.jpg
5800,Bill_Clinton,.\data\lfw-deepfunneled\Bill_Clinton\Bill_Clinton_0020.jpg
911,Jennifer_Aniston,.\data\lfw-deepfunneled\Jennifer_Aniston\Jennifer_Aniston_0021.jpg
7390,Norah_Jones,.\data\lfw-deepfunneled\Norah_Jones\Norah_Jones_0012.jpg
1901,Luiz_Inacio_Lula_da_Silva,.\data\lfw-deepfunneled\Luiz_Inacio_Lula_da_Silva\Luiz_Inacio_Lula_da_Silva_0030.jpg
5504,Jackie_Chan,.\data\lfw-deepfunneled\Jackie_Chan\Jackie_Chan_0011.jpg
6085,Saddam_Hussein,.\data\lfw-deepfunneled\Saddam_Hussein\Saddam_Hussein_0005.jpg
7647,Junichiro_Koizumi,.\data\lfw-deepfunneled\Junichiro_Koizumi\Junichiro_Koizumi_0008.jpg
6602,Alejandro_Toledo,.\data\lfw-deepfunneled\Alejandro_Toledo\Alejandro_Toledo_0037.jpg
5371,Joan_Laporta,.\data\lfw-deepfunneled\Joan_Laporta\Joan_Laporta_0003.jpg
4075,Tommy_Franks,.\data\lfw-deepfunneled\Tommy_Franks\Tommy_Franks_0011.jpg
4521,Winona_Ryder,.\data\lfw-deepfunneled\Winona_Ryder\Winona_Ryder_0024.jpg
9103,Luiz_Inacio_Lula_da_Silva,.\data\lfw-deepfunneled\Luiz_Inacio_Lula_da_Silva\Luiz_Inacio_Lula_da_Silva_0028.jpg
395,Richard_Armitage,.\data\lfw-deepfunneled\Richard_Armitage\Richard_Armitage_0009.jpg
4337,Condoleezza_Rice,.\data\lfw-deepfunneled\Condoleezza_Rice\Condoleezza_Rice_0006.jpg
3325,Nestor_Kirchner,.\data\lfw-deepfunneled\Nestor_Kirchner\Nestor_Kirchner_0019.jpg
4260,Sergio_Vieira_De_Mello,.\data\lfw-deepfunneled\Sergio_Vieira_De_Mello\Sergio_Vieira_De_Mello_0003.jpg
7858,Julianne_Moore,.\data\lfw-deepfunneled\Julianne_Moore\Julianne_Moore_0016.jpg
4531,Arnold_Schwarzenegger,.\data\lfw-deepfunneled\Arnold_Schwarzenegger\Arnold_Schwarzenegger_0003.jpg
7816,Julianne_Moore,.\data\lfw-deepfunneled\Julianne_Moore\Julianne_Moore_0001.jpg
8932,David_Beckham,.\data\lfw-deepfunneled\David_Beckham\David_Beckham_0020.jpg
8631,George_Robertson,.\data\lfw-deepfunneled\George_Robertson\George_Robertson_0012.jpg
3762,Jean_Chretien,.\data\lfw-deepfunneled\Jean_Chretien\Jean_Chretien_0012.jpg
3489,Tim_Henman,.\data\lfw-deepfunneled\Tim_Henman\Tim_Henman_0011.jpg
3810,Vicente_Fox,.\data\lfw-deepfunneled\Vicente_Fox\Vicente_Fox_0026.jpg
7255,Luiz_Inacio_Lula_da_Silva,.\data\lfw-deepfunneled\Luiz_Inacio_Lula_da_Silva\Luiz_Inacio_Lula_da_Silva_0019.jpg
1874,Spencer_Abraham,.\data\lfw-deepfunneled\Spencer_Abraham\Spencer_Abraham_0012.jpg
3213,John_Ashcroft,.\data\lfw-deepfunneled\John_Ashcroft\John_Ashcroft_0043.jpg
1212,James_Blake,.\data\lfw-deepfunneled\James_Blake\James_Blake_0004.jpg
1467,Arnold_Schwarzenegger,.\data\lfw-deepfunneled\Arnold_Schwarzenegger\Arnold_Schwarzenegger_0002.jpg
4756,Muhammad_Ali,.\data\lfw-deepfunneled\Muhammad_Ali\Muhammad_Ali_0009.jpg
2935,Michael_Jackson,.\data\lfw-deepfunneled\Michael_Jackson\Michael_Jackson_0010.jpg
2603,Jackie_Chan,.\data\lfw-deepfunneled\Jackie_Chan\Jackie_Chan_0004.jpg
2236,Fernando_Gonzalez,.\data\lfw-deepfunneled\Fernando_Gonzalez\Fernando_Gonzalez_0006.jpg
5655,Colin_Farrell,.\data\lfw-deepfunneled\Colin_Farrell\Colin_Farrell_0005.jpg
4400,Vladimir_Putin,.\data\lfw-deepfunneled\Vladimir_Putin\Vladimir_Putin_0049.jpg
7849,Ariel_Sharon,.\data\lfw-deepfunneled\Ariel_Sharon\Ariel_Sharon_0059.jpg
7781,Tom_Cruise,.\data\lfw-deepfunneled\Tom_Cruise\Tom_Cruise_0006.jpg
5660,Bill_Simon,.\data\lfw-deepfunneled\Bill_Simon\Bill_Simon_0004.jpg
2411,Luiz_Inacio_Lula_da_Silva,.\data\lfw-deepfunneled\Luiz_Inacio_Lula_da_Silva\Luiz_Inacio_Lula_da_Silva_0011.jpg
4902,John_Ashcroft,.\data\lfw-deepfunneled\John_Ashcroft\John_Ashcroft_0005.jpg
5656,Mahathir_Mohamad,.\data\lfw-deepfunneled\Mahathir_Mohamad\Mahathir_Mohamad_0001.jpg
1066,John_Abizaid,.\data\lfw-deepfunneled\John_Abizaid\John_Abizaid_0008.jpg
5030,Richard_Myers,.\data\lfw-deepfunneled\Richard_Myers\Richard_Myers_0007.jpg
4522,Fidel_Castro,.\data\lfw-deepfunneled\Fidel_Castro\Fidel_Castro_0016.jpg
2672,Harrison_Ford,.\data\lfw-deepfunneled\Harrison_Ford\Harrison_Ford_0003.jpg
3066,Queen_Elizabeth_II,.\data\lfw-deepfunneled\Queen_Elizabeth_II\Queen_Elizabeth_II_0005.jpg
966,Tom_Ridge,.\data\lfw-deepfunneled\Tom_Ridge\Tom_Ridge_0033.jpg
7105,Lleyton_Hewitt,.\data\lfw-deepfunneled\Lleyton_Hewitt\Lleyton_Hewitt_0002.jpg
3192,Tom_Ridge,.\data\lfw-deepfunneled\Tom_Ridge\Tom_Ridge_0029.jpg
4590,Guillermo_Coria,.\data\lfw-deepfunneled\Guillermo_Coria\Guillermo_Coria_0014.jpg
748,Lindsay_Davenport,.\data\lfw-deepfunneled\Lindsay_Davenport\Lindsay_Davenport_0007.jpg
6581,Julianne_Moore,.\data\lfw-deepfunneled\Julianne_Moore\Julianne_Moore_0003.jpg
14,Nestor_Kirchner,.\data\lfw-deepfunneled\Nestor_Kirchner\Nestor_Kirchner_0017.jpg
7916,Michael_Bloomberg,.\data\lfw-deepfunneled\Michael_Bloomberg\Michael_Bloomberg_0015.jpg
2545,John_Paul_II,.\data\lfw-deepfunneled\John_Paul_II\John_Paul_II_0003.jpg
1452,Alejandro_Toledo,.\data\lfw-deepfunneled\Alejandro_Toledo\Alejandro_Toledo_0011.jpg
4688,Jimmy_Carter,.\data\lfw-deepfunneled\Jimmy_Carter\Jimmy_Carter_0006.jpg
5923,Julianne_Moore,.\data\lfw-deepfunneled\Julianne_Moore\Julianne_Moore_0019.jpg
1774,Hugo_Chavez,.\data\lfw-deepfunneled\Hugo_Chavez\Hugo_Chavez_0026.jpg
9141,Nestor_Kirchner,.\data\lfw-deepfunneled\Nestor_Kirchner\Nestor_Kirchner_0031.jpg
638,Jean_Chretien,.\data\lfw-deepfunneled\Jean_Chretien\Jean_Chretien_0037.jpg
1662,Abdullah_Gul,.\data\lfw-deepfunneled\Abdullah_Gul\Abdullah_Gul_0002.jpg
9045,Lleyton_Hewitt,.\data\lfw-deepfunneled\Lleyton_Hewitt\Lleyton_Hewitt_0020.jpg
3218,Condoleezza_Rice,.\data\lfw-deepfunneled\Condoleezza_Rice\Condoleezza_Rice_0007.jpg
172,Laura_Bush,.\data\lfw-deepfunneled\Laura_Bush\Laura_Bush_0012.jpg
8553,Lleyton_Hewitt,.\data\lfw-deepfunneled\Lleyton_Hewitt\Lleyton_Hewitt_0027.jpg
2776,Jack_Straw,.\data\lfw-deepfunneled\Jack_Straw\Jack_Straw_0006.jpg
6237,Alvaro_Uribe,.\data\lfw-deepfunneled\Alvaro_Uribe\Alvaro_Uribe_0023.jpg
4374,John_Ashcroft,.\data\lfw-deepfunneled\John_Ashcroft\John_Ashcroft_0025.jpg
583,Silvio_Berlusconi,.\data\lfw-deepfunneled\Silvio_Berlusconi\Silvio_Berlusconi_0020.jpg
7723,John_Howard,.\data\lfw-deepfunneled\John_Howard\John_Howard_0019.jpg
7622,Alejandro_Toledo,.\data\lfw-deepfunneled\Alejandro_Toledo\Alejandro_Toledo_0023.jpg
3619,Nicanor_Duarte_Frutos,.\data\lfw-deepfunneled\Nicanor_Duarte_Frutos\Nicanor_Duarte_Frutos_0009.jpg
3976,Hillary_Clinton,.\data\lfw-deepfunneled\Hillary_Clinton\Hillary_Clinton_0009.jpg
6789,John_Howard,.\data\lfw-deepfunneled\John_Howard\John_Howard_0015.jpg
2088,Alvaro_Uribe,.\data\lfw-deepfunneled\Alvaro_Uribe\Alvaro_Uribe_0012.jpg
4224,Fernando_Gonzalez,.\data\lfw-deepfunneled\Fernando_Gonzalez\Fernando_Gonzalez_0008.jpg
6401,Roger_Federer,.\data\lfw-deepfunneled\Roger_Federer\Roger_Federer_0002.jpg
3847,Mark_Philippoussis,.\data\lfw-deepfunneled\Mark_Philippoussis\Mark_Philippoussis_0009.jpg
604,Halle_Berry,.\data\lfw-deepfunneled\Halle_Berry\Halle_Berry_0015.jpg
3130,John_Negroponte,.\data\lfw-deepfunneled\John_Negroponte\John_Negroponte_0007.jpg
8440,David_Nalbandian,.\data\lfw-deepfunneled\David_Nalbandian\David_Nalbandian_0010.jpg
7591,Pervez_Musharraf,.\data\lfw-deepfunneled\Pervez_Musharraf\Pervez_Musharraf_0010.jpg
8068,Arnold_Schwarzenegger,.\data\lfw-deepfunneled\Arnold_Schwarzenegger\Arnold_Schwarzenegger_0015.jpg
2470,George_Robertson,.\data\lfw-deepfunneled\George_Robertson\George_Robertson_0007.jpg
7830,John_Snow,.\data\lfw-deepfunneled\John_Snow\John_Snow_0010.jpg
3136,Serena_Williams,.\data\lfw-deepfunneled\Serena_Williams\Serena_Williams_0015.jpg
5130,Jeremy_Greenstock,.\data\lfw-deepfunneled\Jeremy_Greenstock\Jeremy_Greenstock_0004.jpg
9047,Kofi_Annan,.\data\lfw-deepfunneled\Kofi_Annan\Kofi_Annan_0006.jpg
3018,Pervez_Musharraf,.\data\lfw-deepfunneled\Pervez_Musharraf\Pervez_Musharraf_0012.jpg
8822,Andy_Roddick,.\data\lfw-deepfunneled\Andy_Roddick\Andy_Roddick_0009.jpg
546,Andre_Agassi,.\data\lfw-deepfunneled\Andre_Agassi\Andre_Agassi_0026.jpg
8898,John_Snow,.\data\lfw-deepfunneled\John_Snow\John_Snow_0012.jpg
3129,John_Negroponte,.\data\lfw-deepfunneled\John_Negroponte\John_Negroponte_0002.jpg
3485,Kate_Hudson,.\data\lfw-deepfunneled\Kate_Hudson\Kate_Hudson_0008.jpg
6477,David_Nalbandian,.\data\lfw-deepfunneled\David_Nalbandian\David_Nalbandian_0008.jpg
2598,James_Kelly,.\data\lfw-deepfunneled\James_Kelly\James_Kelly_0004.jpg
1640,John_Bolton,.\data\lfw-deepfunneled\John_Bolton\John_Bolton_0010.jpg
6742,Mahathir_Mohamad,.\data\lfw-deepfunneled\Mahathir_Mohamad\Mahathir_Mohamad_0003.jpg
8044,Muhammad_Ali,.\data\lfw-deepfunneled\Muhammad_Ali\Muhammad_Ali_0002.jpg
9147,Ariel_Sharon,.\data\lfw-deepfunneled\Ariel_Sharon\Ariel_Sharon_0028.jpg
6029,Richard_Myers,.\data\lfw-deepfunneled\Richard_Myers\Richard_Myers_0003.jpg
7897,Hosni_Mubarak,.\data\lfw-deepfunneled\Hosni_Mubarak\Hosni_Mubarak_0007.jpg
6927,Megawati_Sukarnoputri,.\data\lfw-deepfunneled\Megawati_Sukarnoputri\Megawati_Sukarnoputri_0030.jpg
7417,Li_Peng,.\data\lfw-deepfunneled\Li_Peng\Li_Peng_0004.jpg
6006,Lucio_Gutierrez,.\data\lfw-deepfunneled\Lucio_Gutierrez\Lucio_Gutierrez_0011.jpg
4319,Jean_Chretien,.\data\lfw-deepfunneled\Jean_Chretien\Jean_Chretien_0009.jpg
6357,Luiz_Inacio_Lula_da_Silva,.\data\lfw-deepfunneled\Luiz_Inacio_Lula_da_Silva\Luiz_Inacio_Lula_da_Silva_0025.jpg
3308,Hamid_Karzai,.\data\lfw-deepfunneled\Hamid_Karzai\Hamid_Karzai_0001.jpg
8679,Ian_Thorpe,.\data\lfw-deepfunneled\Ian_Thorpe\Ian_Thorpe_0007.jpg
8676,Igor_Ivanov,.\data\lfw-deepfunneled\Igor_Ivanov\Igor_Ivanov_0017.jpg
4841,Laura_Bush,.\data\lfw-deepfunneled\Laura_Bush\Laura_Bush_0020.jpg
2811,George_HW_Bush,.\data\lfw-deepfunneled\George_HW_Bush\George_HW_Bush_0008.jpg
1984,Rubens_Barrichello,.\data\lfw-deepfunneled\Rubens_Barrichello\Rubens_Barrichello_0006.jpg
9144,Bill_Gates,.\data\lfw-deepfunneled\Bill_Gates\Bill_Gates_0006.jpg
3861,Hans_Blix,.\data\lfw-deepfunneled\Hans_Blix\Hans_Blix_0002.jpg
5830,Norah_Jones,.\data\lfw-deepfunneled\Norah_Jones\Norah_Jones_0002.jpg
5526,Amelie_Mauresmo,.\data\lfw-deepfunneled\Amelie_Mauresmo\Amelie_Mauresmo_0009.jpg
5737,Lleyton_Hewitt,.\data\lfw-deepfunneled\Lleyton_Hewitt\Lleyton_Hewitt_0039.jpg
2576,Eduardo_Duhalde,.\data\lfw-deepfunneled\Eduardo_Duhalde\Eduardo_Duhalde_0012.jpg
232,Yoriko_Kawaguchi,.\data\lfw-deepfunneled\Yoriko_Kawaguchi\Yoriko_Kawaguchi_0003.jpg
685,Venus_Williams,.\data\lfw-deepfunneled\Venus_Williams\Venus_Williams_0004.jpg
974,Mahmoud_Abbas,.\data\lfw-deepfunneled\Mahmoud_Abbas\Mahmoud_Abbas_0025.jpg
7066,Amelie_Mauresmo,.\data\lfw-deepfunneled\Amelie_Mauresmo\Amelie_Mauresmo_0006.jpg
6979,Sylvester_Stallone,.\data\lfw-deepfunneled\Sylvester_Stallone\Sylvester_Stallone_0003.jpg
3990,Carlos_Menem,.\data\lfw-deepfunneled\Carlos_Menem\Carlos_Menem_0005.jpg
94,Hillary_Clinton,.\data\lfw-deepfunneled\Hillary_Clinton\Hillary_Clinton_0011.jpg
2766,Salma_Hayek,.\data\lfw-deepfunneled\Salma_Hayek\Salma_Hayek_0009.jpg
1932,Pete_Sampras,.\data\lfw-deepfunneled\Pete_Sampras\Pete_Sampras_0022.jpg
2889,Junichiro_Koizumi,.\data\lfw-deepfunneled\Junichiro_Koizumi\Junichiro_Koizumi_0018.jpg
2292,Vladimir_Putin,.\data\lfw-deepfunneled\Vladimir_Putin\Vladimir_Putin_0021.jpg
6860,Juan_Carlos_Ferrero,.\data\lfw-deepfunneled\Juan_Carlos_Ferrero\Juan_Carlos_Ferrero_0007.jpg
466,Hans_Blix,.\data\lfw-deepfunneled\Hans_Blix\Hans_Blix_0015.jpg
1660,Lleyton_Hewitt,.\data\lfw-deepfunneled\Lleyton_Hewitt\Lleyton_Hewitt_0038.jpg
3223,Lleyton_Hewitt,.\data\lfw-deepfunneled\Lleyton_Hewitt\Lleyton_Hewitt_0013.jpg
8282,Eduardo_Duhalde,.\data\lfw-deepfunneled\Eduardo_Duhalde\Eduardo_Duhalde_0008.jpg
4536,Jean_Charest,.\data\lfw-deepfunneled\Jean_Charest\Jean_Charest_0015.jpg
6227,Jennifer_Aniston,.\data\lfw-deepfunneled\Jennifer_Aniston\Jennifer_Aniston_0008.jpg
893,Guillermo_Coria,.\data\lfw-deepfunneled\Guillermo_Coria\Guillermo_Coria_0019.jpg
1895,Naomi_Watts,.\data\lfw-deepfunneled\Naomi_Watts\Naomi_Watts_0019.jpg
1502,Jean_Chretien,.\data\lfw-deepfunneled\Jean_Chretien\Jean_Chretien_0036.jpg
4108,David_Beckham,.\data\lfw-deepfunneled\David_Beckham\David_Beckham_0022.jpg
803,Gonzalo_Sanchez_de_Lozada,.\data\lfw-deepfunneled\Gonzalo_Sanchez_de_Lozada\Gonzalo_Sanchez_de_Lozada_0012.jpg
1919,Renee_Zellweger,.\data\lfw-deepfunneled\Renee_Zellweger\Renee_Zellweger_0017.jpg
4065,Laura_Bush,.\data\lfw-deepfunneled\Laura_Bush\Laura_Bush_0019.jpg
5950,Jacques_Rogge,.\data\lfw-deepfunneled\Jacques_Rogge\Jacques_Rogge_0006.jpg
9161,Lleyton_Hewitt,.\data\lfw-deepfunneled\Lleyton_Hewitt\Lleyton_Hewitt_0010.jpg
8692,Gloria_Macapagal_Arroyo,.\data\lfw-deepfunneled\Gloria_Macapagal_Arroyo\Gloria_Macapagal_Arroyo_0029.jpg
8407,Tom_Hanks,.\data\lfw-deepfunneled\Tom_Hanks\Tom_Hanks_0005.jpg
1041,Pete_Sampras,.\data\lfw-deepfunneled\Pete_Sampras\Pete_Sampras_0014.jpg
5541,Jack_Straw,.\data\lfw-deepfunneled\Jack_Straw\Jack_Straw_0018.jpg
1896,Andy_Roddick,.\data\lfw-deepfunneled\Andy_Roddick\Andy_Roddick_0011.jpg
4751,Ricardo_Lagos,.\data\lfw-deepfunneled\Ricardo_Lagos\Ricardo_Lagos_0026.jpg
6825,Jose_Maria_Aznar,.\data\lfw-deepfunneled\Jose_Maria_Aznar\Jose_Maria_Aznar_0006.jpg
6385,Taha_Yassin_Ramadan,.\data\lfw-deepfunneled\Taha_Yassin_Ramadan\Taha_Yassin_Ramadan_0012.jpg
6436,Carlos_Moya,.\data\lfw-deepfunneled\Carlos_Moya\Carlos_Moya_0005.jpg
7083,Alvaro_Uribe,.\data\lfw-deepfunneled\Alvaro_Uribe\Alvaro_Uribe_0021.jpg
7965,Silvio_Berlusconi,.\data\lfw-deepfunneled\Silvio_Berlusconi\Silvio_Berlusconi_0013.jpg
2500,Vladimir_Putin,.\data\lfw-deepfunneled\Vladimir_Putin\Vladimir_Putin_0026.jpg
7887,Ari_Fleischer,.\data\lfw-deepfunneled\Ari_Fleischer\Ari_Fleischer_0013.jpg
1921,Serena_Williams,.\data\lfw-deepfunneled\Serena_Williams\Serena_Williams_0049.jpg
2995,Kim_Clijsters,.\data\lfw-deepfunneled\Kim_Clijsters\Kim_Clijsters_0007.jpg
1677,Bill_Simon,.\data\lfw-deepfunneled\Bill_Simon\Bill_Simon_0014.jpg
897,Silvio_Berlusconi,.\data\lfw-deepfunneled\Silvio_Berlusconi\Silvio_Berlusconi_0005.jpg
6245,Mahathir_Mohamad,.\data\lfw-deepfunneled\Mahathir_Mohamad\Mahathir_Mohamad_0005.jpg
3477,Junichiro_Koizumi,.\data\lfw-deepfunneled\Junichiro_Koizumi\Junichiro_Koizumi_0035.jpg
6232,Jean-David_Levitte,.\data\lfw-deepfunneled\Jean-David_Levitte\Jean-David_Levitte_0006.jpg
3043,Jason_Kidd,.\data\lfw-deepfunneled\Jason_Kidd\Jason_Kidd_0009.jpg
2655,Megawati_Sukarnoputri,.\data\lfw-deepfunneled\Megawati_Sukarnoputri\Megawati_Sukarnoputri_0029.jpg
2541,Javier_Solana,.\data\lfw-deepfunneled\Javier_Solana\Javier_Solana_0008.jpg
