,actor_name,path
3515,Halle_Berry,.\lfw-deepfunneled\Halle_Berry\Halle_Berry_0006.jpg
1692,Colin_Powell,.\lfw-deepfunneled\Colin_Powell\Colin_Powell_0235.jpg
8067,Silvio_Berlusconi,.\lfw-deepfunneled\Silvio_Berlusconi\Silvio_Berlusconi_0022.jpg
8370,Tim_Henman,.\lfw-deepfunneled\Tim_Henman\Tim_Henman_0011.jpg
3573,Hans_Blix,.\lfw-deepfunneled\Hans_Blix\Hans_Blix_0013.jpg
8249,Tang_Jiaxuan,.\lfw-deepfunneled\Tang_Jiaxuan\Tang_Jiaxuan_0010.jpg
8474,Tom_Daschle,.\lfw-deepfunneled\Tom_Daschle\Tom_Daschle_0025.jpg
4723,John_Bolton,.\lfw-deepfunneled\John_Bolton\John_Bolton_0016.jpg
6042,Mark_Philippoussis,.\lfw-deepfunneled\Mark_Philippoussis\Mark_Philippoussis_0002.jpg
3227,Gerhard_Schroeder,.\lfw-deepfunneled\Gerhard_Schroeder\Gerhard_Schroeder_0081.jpg
2791,George_W_Bush,.\lfw-deepfunneled\George_W_Bush\George_W_Bush_0185.jpg
2710,George_W_Bush,.\lfw-deepfunneled\George_W_Bush\George_W_Bush_0104.jpg
1847,David_Nalbandian,.\lfw-deepfunneled\David_Nalbandian\David_Nalbandian_0006.jpg
8733,Tung_Chee-hwa,.\lfw-deepfunneled\Tung_Chee-hwa\Tung_Chee-hwa_0006.jpg
7339,Ricardo_Lagos,.\lfw-deepfunneled\Ricardo_Lagos\Ricardo_Lagos_0024.jpg
4372,Jennifer_Capriati,.\lfw-deepfunneled\Jennifer_Capriati\Jennifer_Capriati_0033.jpg
7113,Pierce_Brosnan,.\lfw-deepfunneled\Pierce_Brosnan\Pierce_Brosnan_0008.jpg
5009,Jose_Maria_Aznar,.\lfw-deepfunneled\Jose_Maria_Aznar\Jose_Maria_Aznar_0013.jpg
4638,John_Abizaid,.\lfw-deepfunneled\John_Abizaid\John_Abizaid_0008.jpg
3930,Jackie_Chan,.\lfw-deepfunneled\Jackie_Chan\Jackie_Chan_0011.jpg
7968,Sergey_Lavrov,.\lfw-deepfunneled\Sergey_Lavrov\Sergey_Lavrov_0009.jpg
1642,Colin_Powell,.\lfw-deepfunneled\Colin_Powell\Colin_Powell_0185.jpg
3576,Hans_Blix,.\lfw-deepfunneled\Hans_Blix\Hans_Blix_0016.jpg
1516,Colin_Powell,.\lfw-deepfunneled\Colin_Powell\Colin_Powell_0059.jpg
543,Ariel_Sharon,.\lfw-deepfunneled\Ariel_Sharon\Ariel_Sharon_0001.jpg
6696,Nestor_Kirchner,.\lfw-deepfunneled\Nestor_Kirchner\Nestor_Kirchner_0035.jpg
7384,Richard_Gere,.\lfw-deepfunneled\Richard_Gere\Richard_Gere_0004.jpg
4145,Jason_Kidd,.\lfw-deepfunneled\Jason_Kidd\Jason_Kidd_0007.jpg
5908,Mahmoud_Abbas,.\lfw-deepfunneled\Mahmoud_Abbas\Mahmoud_Abbas_0001.jpg
3815,Hugo_Chavez,.\lfw-deepfunneled\Hugo_Chavez\Hugo_Chavez_0052.jpg
8668,Tony_Blair,.\lfw-deepfunneled\Tony_Blair\Tony_Blair_0129.jpg
7643,Roh_Moo-hyun,.\lfw-deepfunneled\Roh_Moo-hyun\Roh_Moo-hyun_0026.jpg
7044,Pervez_Musharraf,.\lfw-deepfunneled\Pervez_Musharraf\Pervez_Musharraf_0018.jpg
3875,Igor_Ivanov,.\lfw-deepfunneled\Igor_Ivanov\Igor_Ivanov_0001.jpg
3024,George_W_Bush,.\lfw-deepfunneled\George_W_Bush\George_W_Bush_0418.jpg
3843,Hu_Jintao,.\lfw-deepfunneled\Hu_Jintao\Hu_Jintao_0005.jpg
1681,Colin_Powell,.\lfw-deepfunneled\Colin_Powell\Colin_Powell_0224.jpg
8785,Venus_Williams,.\lfw-deepfunneled\Venus_Williams\Venus_Williams_0001.jpg
28,Abdullah_Gul,.\lfw-deepfunneled\Abdullah_Gul\Abdullah_Gul_0008.jpg
322,Amelie_Mauresmo,.\lfw-deepfunneled\Amelie_Mauresmo\Amelie_Mauresmo_0008.jpg
1131,Carlos_Menem,.\lfw-deepfunneled\Carlos_Menem\Carlos_Menem_0009.jpg
5545,Laura_Bush,.\lfw-deepfunneled\Laura_Bush\Laura_Bush_0032.jpg
3748,Howard_Dean,.\lfw-deepfunneled\Howard_Dean\Howard_Dean_0010.jpg
429,Andy_Roddick,.\lfw-deepfunneled\Andy_Roddick\Andy_Roddick_0014.jpg
2172,Edmund_Stoiber,.\lfw-deepfunneled\Edmund_Stoiber\Edmund_Stoiber_0010.jpg
2657,George_W_Bush,.\lfw-deepfunneled\George_W_Bush\George_W_Bush_0051.jpg
3228,Gerhard_Schroeder,.\lfw-deepfunneled\Gerhard_Schroeder\Gerhard_Schroeder_0082.jpg
7639,Roh_Moo-hyun,.\lfw-deepfunneled\Roh_Moo-hyun\Roh_Moo-hyun_0022.jpg
6577,Nancy_Pelosi,.\lfw-deepfunneled\Nancy_Pelosi\Nancy_Pelosi_0004.jpg
168,Alejandro_Toledo,.\lfw-deepfunneled\Alejandro_Toledo\Alejandro_Toledo_0028.jpg
2813,George_W_Bush,.\lfw-deepfunneled\George_W_Bush\George_W_Bush_0207.jpg
7004,Paul_Wolfowitz,.\lfw-deepfunneled\Paul_Wolfowitz\Paul_Wolfowitz_0009.jpg
2942,George_W_Bush,.\lfw-deepfunneled\George_W_Bush\George_W_Bush_0336.jpg
3813,Hugo_Chavez,.\lfw-deepfunneled\Hugo_Chavez\Hugo_Chavez_0050.jpg
6433,Mike_Weir,.\lfw-deepfunneled\Mike_Weir\Mike_Weir_0011.jpg
1497,Colin_Powell,.\lfw-deepfunneled\Colin_Powell\Colin_Powell_0040.jpg
7249,Ray_Romano,.\lfw-deepfunneled\Ray_Romano\Ray_Romano_0004.jpg
4017,Jacques_Chirac,.\lfw-deepfunneled\Jacques_Chirac\Jacques_Chirac_0050.jpg
8827,Vicente_Fox,.\lfw-deepfunneled\Vicente_Fox\Vicente_Fox_0021.jpg
4759,John_Howard,.\lfw-deepfunneled\John_Howard\John_Howard_0019.jpg
1553,Colin_Powell,.\lfw-deepfunneled\Colin_Powell\Colin_Powell_0096.jpg
6622,Naomi_Watts,.\lfw-deepfunneled\Naomi_Watts\Naomi_Watts_0022.jpg
630,Ari_Fleischer,.\lfw-deepfunneled\Ari_Fleischer\Ari_Fleischer_0011.jpg
2847,George_W_Bush,.\lfw-deepfunneled\George_W_Bush\George_W_Bush_0241.jpg
505,Ann_Veneman,.\lfw-deepfunneled\Ann_Veneman\Ann_Veneman_0008.jpg
8978,Wen_Jiabao,.\lfw-deepfunneled\Wen_Jiabao\Wen_Jiabao_0011.jpg
1801,David_Beckham,.\lfw-deepfunneled\David_Beckham\David_Beckham_0019.jpg
4229,Jean_Charest,.\lfw-deepfunneled\Jean_Charest\Jean_Charest_0016.jpg
7288,Recep_Tayyip_Erdogan,.\lfw-deepfunneled\Recep_Tayyip_Erdogan\Recep_Tayyip_Erdogan_0026.jpg
3049,George_W_Bush,.\lfw-deepfunneled\George_W_Bush\George_W_Bush_0443.jpg
603,Ariel_Sharon,.\lfw-deepfunneled\Ariel_Sharon\Ariel_Sharon_0061.jpg
7604,Roger_Federer,.\lfw-deepfunneled\Roger_Federer\Roger_Federer_0006.jpg
4692,John_Ashcroft,.\lfw-deepfunneled\John_Ashcroft\John_Ashcroft_0042.jpg
3541,Hamid_Karzai,.\lfw-deepfunneled\Hamid_Karzai\Hamid_Karzai_0009.jpg
8542,Tony_Blair,.\lfw-deepfunneled\Tony_Blair\Tony_Blair_0003.jpg
5515,Laura_Bush,.\lfw-deepfunneled\Laura_Bush\Laura_Bush_0002.jpg
4354,Jennifer_Capriati,.\lfw-deepfunneled\Jennifer_Capriati\Jennifer_Capriati_0015.jpg
8815,Vicente_Fox,.\lfw-deepfunneled\Vicente_Fox\Vicente_Fox_0009.jpg
1448,Colin_Farrell,.\lfw-deepfunneled\Colin_Farrell\Colin_Farrell_0007.jpg
7356,Richard_Armitage,.\lfw-deepfunneled\Richard_Armitage\Richard_Armitage_0002.jpg
2898,George_W_Bush,.\lfw-deepfunneled\George_W_Bush\George_W_Bush_0292.jpg
3229,Gerhard_Schroeder,.\lfw-deepfunneled\Gerhard_Schroeder\Gerhard_Schroeder_0083.jpg
4641,John_Allen_Muhammad,.\lfw-deepfunneled\John_Allen_Muhammad\John_Allen_Muhammad_0002.jpg
7082,Pete_Sampras,.\lfw-deepfunneled\Pete_Sampras\Pete_Sampras_0015.jpg
8448,Tom_Cruise,.\lfw-deepfunneled\Tom_Cruise\Tom_Cruise_0009.jpg
5844,Luiz_Inacio_Lula_da_Silva,.\lfw-deepfunneled\Luiz_Inacio_Lula_da_Silva\Luiz_Inacio_Lula_da_Silva_0028.jpg
2087,Donald_Rumsfeld,.\lfw-deepfunneled\Donald_Rumsfeld\Donald_Rumsfeld_0088.jpg
502,Ann_Veneman,.\lfw-deepfunneled\Ann_Veneman\Ann_Veneman_0005.jpg
3545,Hamid_Karzai,.\lfw-deepfunneled\Hamid_Karzai\Hamid_Karzai_0013.jpg
2726,George_W_Bush,.\lfw-deepfunneled\George_W_Bush\George_W_Bush_0120.jpg
8663,Tony_Blair,.\lfw-deepfunneled\Tony_Blair\Tony_Blair_0124.jpg
7623,Roh_Moo-hyun,.\lfw-deepfunneled\Roh_Moo-hyun\Roh_Moo-hyun_0006.jpg
4690,John_Ashcroft,.\lfw-deepfunneled\John_Ashcroft\John_Ashcroft_0040.jpg
4605,Joe_Lieberman,.\lfw-deepfunneled\Joe_Lieberman\Joe_Lieberman_0009.jpg
7931,Serena_Williams,.\lfw-deepfunneled\Serena_Williams\Serena_Williams_0029.jpg
406,Andre_Agassi,.\lfw-deepfunneled\Andre_Agassi\Andre_Agassi_0029.jpg
7919,Serena_Williams,.\lfw-deepfunneled\Serena_Williams\Serena_Williams_0017.jpg
4267,Jean_Chretien,.\lfw-deepfunneled\Jean_Chretien\Jean_Chretien_0037.jpg
70,Adrien_Brody,.\lfw-deepfunneled\Adrien_Brody\Adrien_Brody_0004.jpg
4842,John_Paul_II,.\lfw-deepfunneled\John_Paul_II\John_Paul_II_0007.jpg
4215,Jean_Charest,.\lfw-deepfunneled\Jean_Charest\Jean_Charest_0002.jpg
2546,George_HW_Bush,.\lfw-deepfunneled\George_HW_Bush\George_HW_Bush_0004.jpg
3063,George_W_Bush,.\lfw-deepfunneled\George_W_Bush\George_W_Bush_0457.jpg
5774,Lucio_Gutierrez,.\lfw-deepfunneled\Lucio_Gutierrez\Lucio_Gutierrez_0004.jpg
169,Alejandro_Toledo,.\lfw-deepfunneled\Alejandro_Toledo\Alejandro_Toledo_0029.jpg
4579,Joan_Laporta,.\lfw-deepfunneled\Joan_Laporta\Joan_Laporta_0005.jpg
3691,Hillary_Clinton,.\lfw-deepfunneled\Hillary_Clinton\Hillary_Clinton_0001.jpg
2969,George_W_Bush,.\lfw-deepfunneled\George_W_Bush\George_W_Bush_0363.jpg
1809,David_Beckham,.\lfw-deepfunneled\David_Beckham\David_Beckham_0027.jpg
3211,Gerhard_Schroeder,.\lfw-deepfunneled\Gerhard_Schroeder\Gerhard_Schroeder_0065.jpg
2047,Donald_Rumsfeld,.\lfw-deepfunneled\Donald_Rumsfeld\Donald_Rumsfeld_0048.jpg
4409,Jennifer_Lopez,.\lfw-deepfunneled\Jennifer_Lopez\Jennifer_Lopez_0008.jpg
2962,George_W_Bush,.\lfw-deepfunneled\George_W_Bush\George_W_Bush_0356.jpg
430,Andy_Roddick,.\lfw-deepfunneled\Andy_Roddick\Andy_Roddick_0015.jpg
5047,Juan_Carlos_Ferrero,.\lfw-deepfunneled\Juan_Carlos_Ferrero\Juan_Carlos_Ferrero_0005.jpg
5653,Lindsay_Davenport,.\lfw-deepfunneled\Lindsay_Davenport\Lindsay_Davenport_0004.jpg
6225,Meryl_Streep,.\lfw-deepfunneled\Meryl_Streep\Meryl_Streep_0011.jpg
7607,Roger_Federer,.\lfw-deepfunneled\Roger_Federer\Roger_Federer_0009.jpg
3949,Jack_Straw,.\lfw-deepfunneled\Jack_Straw\Jack_Straw_0012.jpg
3975,Jacques_Chirac,.\lfw-deepfunneled\Jacques_Chirac\Jacques_Chirac_0008.jpg
5552,Laura_Bush,.\lfw-deepfunneled\Laura_Bush\Laura_Bush_0039.jpg
5113,Julianne_Moore,.\lfw-deepfunneled\Julianne_Moore\Julianne_Moore_0017.jpg
5726,Lleyton_Hewitt,.\lfw-deepfunneled\Lleyton_Hewitt\Lleyton_Hewitt_0009.jpg
2529,George_Clooney,.\lfw-deepfunneled\George_Clooney\George_Clooney_0002.jpg
6244,Michael_Bloomberg,.\lfw-deepfunneled\Michael_Bloomberg\Michael_Bloomberg_0006.jpg
6172,Megawati_Sukarnoputri,.\lfw-deepfunneled\Megawati_Sukarnoputri\Megawati_Sukarnoputri_0002.jpg
4040,James_Blake,.\lfw-deepfunneled\James_Blake\James_Blake_0004.jpg
2015,Donald_Rumsfeld,.\lfw-deepfunneled\Donald_Rumsfeld\Donald_Rumsfeld_0016.jpg
659,Arnold_Schwarzenegger,.\lfw-deepfunneled\Arnold_Schwarzenegger\Arnold_Schwarzenegger_0008.jpg
4258,Jean_Chretien,.\lfw-deepfunneled\Jean_Chretien\Jean_Chretien_0028.jpg
5719,Lleyton_Hewitt,.\lfw-deepfunneled\Lleyton_Hewitt\Lleyton_Hewitt_0002.jpg
8462,Tom_Daschle,.\lfw-deepfunneled\Tom_Daschle\Tom_Daschle_0013.jpg
6247,Michael_Bloomberg,.\lfw-deepfunneled\Michael_Bloomberg\Michael_Bloomberg_0009.jpg
4260,Jean_Chretien,.\lfw-deepfunneled\Jean_Chretien\Jean_Chretien_0030.jpg
8053,Silvio_Berlusconi,.\lfw-deepfunneled\Silvio_Berlusconi\Silvio_Berlusconi_0008.jpg
3998,Jacques_Chirac,.\lfw-deepfunneled\Jacques_Chirac\Jacques_Chirac_0031.jpg
7284,Recep_Tayyip_Erdogan,.\lfw-deepfunneled\Recep_Tayyip_Erdogan\Recep_Tayyip_Erdogan_0022.jpg
7118,Pierce_Brosnan,.\lfw-deepfunneled\Pierce_Brosnan\Pierce_Brosnan_0013.jpg
3200,Gerhard_Schroeder,.\lfw-deepfunneled\Gerhard_Schroeder\Gerhard_Schroeder_0054.jpg
923,Bill_McBride,.\lfw-deepfunneled\Bill_McBride\Bill_McBride_0009.jpg
8948,Walter_Mondale,.\lfw-deepfunneled\Walter_Mondale\Walter_Mondale_0010.jpg
4845,John_Paul_II,.\lfw-deepfunneled\John_Paul_II\John_Paul_II_0010.jpg
2055,Donald_Rumsfeld,.\lfw-deepfunneled\Donald_Rumsfeld\Donald_Rumsfeld_0056.jpg
1659,Colin_Powell,.\lfw-deepfunneled\Colin_Powell\Colin_Powell_0202.jpg
2107,Donald_Rumsfeld,.\lfw-deepfunneled\Donald_Rumsfeld\Donald_Rumsfeld_0108.jpg
4412,Jennifer_Lopez,.\lfw-deepfunneled\Jennifer_Lopez\Jennifer_Lopez_0011.jpg
5401,Kofi_Annan,.\lfw-deepfunneled\Kofi_Annan\Kofi_Annan_0004.jpg
4153,Javier_Solana,.\lfw-deepfunneled\Javier_Solana\Javier_Solana_0003.jpg
3060,George_W_Bush,.\lfw-deepfunneled\George_W_Bush\George_W_Bush_0454.jpg
8543,Tony_Blair,.\lfw-deepfunneled\Tony_Blair\Tony_Blair_0004.jpg
6734,Nicole_Kidman,.\lfw-deepfunneled\Nicole_Kidman\Nicole_Kidman_0003.jpg
7081,Pete_Sampras,.\lfw-deepfunneled\Pete_Sampras\Pete_Sampras_0014.jpg
8882,Vladimir_Putin,.\lfw-deepfunneled\Vladimir_Putin\Vladimir_Putin_0005.jpg
1052,Britney_Spears,.\lfw-deepfunneled\Britney_Spears\Britney_Spears_0003.jpg
477,Anna_Kournikova,.\lfw-deepfunneled\Anna_Kournikova\Anna_Kournikova_0007.jpg
884,Bill_Frist,.\lfw-deepfunneled\Bill_Frist\Bill_Frist_0005.jpg
1140,Carlos_Menem,.\lfw-deepfunneled\Carlos_Menem\Carlos_Menem_0018.jpg
3322,Gloria_Macapagal_Arroyo,.\lfw-deepfunneled\Gloria_Macapagal_Arroyo\Gloria_Macapagal_Arroyo_0028.jpg
3472,Guillermo_Coria,.\lfw-deepfunneled\Guillermo_Coria\Guillermo_Coria_0026.jpg
2765,George_W_Bush,.\lfw-deepfunneled\George_W_Bush\George_W_Bush_0159.jpg
2168,Edmund_Stoiber,.\lfw-deepfunneled\Edmund_Stoiber\Edmund_Stoiber_0006.jpg
8584,Tony_Blair,.\lfw-deepfunneled\Tony_Blair\Tony_Blair_0045.jpg
6575,Nancy_Pelosi,.\lfw-deepfunneled\Nancy_Pelosi\Nancy_Pelosi_0002.jpg
3362,Gonzalo_Sanchez_de_Lozada,.\lfw-deepfunneled\Gonzalo_Sanchez_de_Lozada\Gonzalo_Sanchez_de_Lozada_0007.jpg
6489,Mohammad_Khatami,.\lfw-deepfunneled\Mohammad_Khatami\Mohammad_Khatami_0008.jpg
8527,Tom_Ridge,.\lfw-deepfunneled\Tom_Ridge\Tom_Ridge_0031.jpg
7718,Rudolph_Giuliani,.\lfw-deepfunneled\Rudolph_Giuliani\Rudolph_Giuliani_0004.jpg
2784,George_W_Bush,.\lfw-deepfunneled\George_W_Bush\George_W_Bush_0178.jpg
2901,George_W_Bush,.\lfw-deepfunneled\George_W_Bush\George_W_Bush_0295.jpg
5549,Laura_Bush,.\lfw-deepfunneled\Laura_Bush\Laura_Bush_0036.jpg
4809,John_Negroponte,.\lfw-deepfunneled\John_Negroponte\John_Negroponte_0005.jpg
6050,Mark_Philippoussis,.\lfw-deepfunneled\Mark_Philippoussis\Mark_Philippoussis_0010.jpg
5274,Keanu_Reeves,.\lfw-deepfunneled\Keanu_Reeves\Keanu_Reeves_0003.jpg
8894,Vladimir_Putin,.\lfw-deepfunneled\Vladimir_Putin\Vladimir_Putin_0017.jpg
3321,Gloria_Macapagal_Arroyo,.\lfw-deepfunneled\Gloria_Macapagal_Arroyo\Gloria_Macapagal_Arroyo_0027.jpg
1601,Colin_Powell,.\lfw-deepfunneled\Colin_Powell\Colin_Powell_0144.jpg
7111,Pierce_Brosnan,.\lfw-deepfunneled\Pierce_Brosnan\Pierce_Brosnan_0006.jpg
3015,George_W_Bush,.\lfw-deepfunneled\George_W_Bush\George_W_Bush_0409.jpg
3301,Gloria_Macapagal_Arroyo,.\lfw-deepfunneled\Gloria_Macapagal_Arroyo\Gloria_Macapagal_Arroyo_0007.jpg
3405,Gray_Davis,.\lfw-deepfunneled\Gray_Davis\Gray_Davis_0014.jpg
3077,George_W_Bush,.\lfw-deepfunneled\George_W_Bush\George_W_Bush_0471.jpg
860,Bill_Clinton,.\lfw-deepfunneled\Bill_Clinton\Bill_Clinton_0010.jpg
5125,Julie_Gerberding,.\lfw-deepfunneled\Julie_Gerberding\Julie_Gerberding_0007.jpg
4458,Jeremy_Greenstock,.\lfw-deepfunneled\Jeremy_Greenstock\Jeremy_Greenstock_0021.jpg
8581,Tony_Blair,.\lfw-deepfunneled\Tony_Blair\Tony_Blair_0042.jpg
3056,George_W_Bush,.\lfw-deepfunneled\George_W_Bush\George_W_Bush_0450.jpg
8118,Spencer_Abraham,.\lfw-deepfunneled\Spencer_Abraham\Spencer_Abraham_0016.jpg
7042,Pervez_Musharraf,.\lfw-deepfunneled\Pervez_Musharraf\Pervez_Musharraf_0016.jpg
1560,Colin_Powell,.\lfw-deepfunneled\Colin_Powell\Colin_Powell_0103.jpg
1567,Colin_Powell,.\lfw-deepfunneled\Colin_Powell\Colin_Powell_0110.jpg
2181,Eduardo_Duhalde,.\lfw-deepfunneled\Eduardo_Duhalde\Eduardo_Duhalde_0006.jpg
2001,Donald_Rumsfeld,.\lfw-deepfunneled\Donald_Rumsfeld\Donald_Rumsfeld_0002.jpg
2964,George_W_Bush,.\lfw-deepfunneled\George_W_Bush\George_W_Bush_0358.jpg
6934,Paul_Burrell,.\lfw-deepfunneled\Paul_Burrell\Paul_Burrell_0006.jpg
6491,Mohammad_Khatami,.\lfw-deepfunneled\Mohammad_Khatami\Mohammad_Khatami_0010.jpg
1524,Colin_Powell,.\lfw-deepfunneled\Colin_Powell\Colin_Powell_0067.jpg
6916,Paul_Bremer,.\lfw-deepfunneled\Paul_Bremer\Paul_Bremer_0008.jpg
2040,Donald_Rumsfeld,.\lfw-deepfunneled\Donald_Rumsfeld\Donald_Rumsfeld_0041.jpg
1557,Colin_Powell,.\lfw-deepfunneled\Colin_Powell\Colin_Powell_0100.jpg
6339,Michael_Schumacher,.\lfw-deepfunneled\Michael_Schumacher\Michael_Schumacher_0017.jpg
3764,Hugo_Chavez,.\lfw-deepfunneled\Hugo_Chavez\Hugo_Chavez_0001.jpg
4284,Jean_Chretien,.\lfw-deepfunneled\Jean_Chretien\Jean_Chretien_0054.jpg
6972,Paul_ONeill,.\lfw-deepfunneled\Paul_ONeill\Paul_ONeill_0005.jpg
333,Amelie_Mauresmo,.\lfw-deepfunneled\Amelie_Mauresmo\Amelie_Mauresmo_0019.jpg
8617,Tony_Blair,.\lfw-deepfunneled\Tony_Blair\Tony_Blair_0078.jpg
7402,Richard_Myers,.\lfw-deepfunneled\Richard_Myers\Richard_Myers_0007.jpg
1621,Colin_Powell,.\lfw-deepfunneled\Colin_Powell\Colin_Powell_0164.jpg
8642,Tony_Blair,.\lfw-deepfunneled\Tony_Blair\Tony_Blair_0103.jpg
4396,Jennifer_Garner,.\lfw-deepfunneled\Jennifer_Garner\Jennifer_Garner_0011.jpg
3794,Hugo_Chavez,.\lfw-deepfunneled\Hugo_Chavez\Hugo_Chavez_0031.jpg
1290,Charles_Moose,.\lfw-deepfunneled\Charles_Moose\Charles_Moose_0008.jpg
1528,Colin_Powell,.\lfw-deepfunneled\Colin_Powell\Colin_Powell_0071.jpg
1284,Charles_Moose,.\lfw-deepfunneled\Charles_Moose\Charles_Moose_0002.jpg
7409,Richard_Myers,.\lfw-deepfunneled\Richard_Myers\Richard_Myers_0014.jpg
4652,John_Ashcroft,.\lfw-deepfunneled\John_Ashcroft\John_Ashcroft_0002.jpg
8111,Spencer_Abraham,.\lfw-deepfunneled\Spencer_Abraham\Spencer_Abraham_0009.jpg
3768,Hugo_Chavez,.\lfw-deepfunneled\Hugo_Chavez\Hugo_Chavez_0005.jpg
2629,George_W_Bush,.\lfw-deepfunneled\George_W_Bush\George_W_Bush_0023.jpg
6666,Nestor_Kirchner,.\lfw-deepfunneled\Nestor_Kirchner\Nestor_Kirchner_0005.jpg
8817,Vicente_Fox,.\lfw-deepfunneled\Vicente_Fox\Vicente_Fox_0011.jpg
3876,Igor_Ivanov,.\lfw-deepfunneled\Igor_Ivanov\Igor_Ivanov_0002.jpg
6764,Norah_Jones,.\lfw-deepfunneled\Norah_Jones\Norah_Jones_0005.jpg
1495,Colin_Powell,.\lfw-deepfunneled\Colin_Powell\Colin_Powell_0038.jpg
4189,Jean-David_Levitte,.\lfw-deepfunneled\Jean-David_Levitte\Jean-David_Levitte_0006.jpg
4497,Jiang_Zemin,.\lfw-deepfunneled\Jiang_Zemin\Jiang_Zemin_0001.jpg
6851,Paradorn_Srichaphan,.\lfw-deepfunneled\Paradorn_Srichaphan\Paradorn_Srichaphan_0004.jpg
2110,Donald_Rumsfeld,.\lfw-deepfunneled\Donald_Rumsfeld\Donald_Rumsfeld_0111.jpg
2766,George_W_Bush,.\lfw-deepfunneled\George_W_Bush\George_W_Bush_0160.jpg
2677,George_W_Bush,.\lfw-deepfunneled\George_W_Bush\George_W_Bush_0071.jpg
5247,Kate_Hudson,.\lfw-deepfunneled\Kate_Hudson\Kate_Hudson_0006.jpg
3883,Igor_Ivanov,.\lfw-deepfunneled\Igor_Ivanov\Igor_Ivanov_0009.jpg
4323,Jennifer_Aniston,.\lfw-deepfunneled\Jennifer_Aniston\Jennifer_Aniston_0005.jpg
551,Ariel_Sharon,.\lfw-deepfunneled\Ariel_Sharon\Ariel_Sharon_0009.jpg
4413,Jennifer_Lopez,.\lfw-deepfunneled\Jennifer_Lopez\Jennifer_Lopez_0012.jpg
8674,Tony_Blair,.\lfw-deepfunneled\Tony_Blair\Tony_Blair_0135.jpg
913,Bill_Graham,.\lfw-deepfunneled\Bill_Graham\Bill_Graham_0008.jpg
3513,Halle_Berry,.\lfw-deepfunneled\Halle_Berry\Halle_Berry_0004.jpg
2837,George_W_Bush,.\lfw-deepfunneled\George_W_Bush\George_W_Bush_0231.jpg
3952,Jack_Straw,.\lfw-deepfunneled\Jack_Straw\Jack_Straw_0015.jpg
4868,John_Snow,.\lfw-deepfunneled\John_Snow\John_Snow_0008.jpg
4341,Jennifer_Capriati,.\lfw-deepfunneled\Jennifer_Capriati\Jennifer_Capriati_0002.jpg
8110,Spencer_Abraham,.\lfw-deepfunneled\Spencer_Abraham\Spencer_Abraham_0008.jpg
6618,Naomi_Watts,.\lfw-deepfunneled\Naomi_Watts\Naomi_Watts_0018.jpg
3043,George_W_Bush,.\lfw-deepfunneled\George_W_Bush\George_W_Bush_0437.jpg
458,Angelina_Jolie,.\lfw-deepfunneled\Angelina_Jolie\Angelina_Jolie_0015.jpg
6710,Nicanor_Duarte_Frutos,.\lfw-deepfunneled\Nicanor_Duarte_Frutos\Nicanor_Duarte_Frutos_0007.jpg
1300,Charles_Taylor,.\lfw-deepfunneled\Charles_Taylor\Charles_Taylor_0003.jpg
6427,Mike_Weir,.\lfw-deepfunneled\Mike_Weir\Mike_Weir_0005.jpg
1479,Colin_Powell,.\lfw-deepfunneled\Colin_Powell\Colin_Powell_0022.jpg
5932,Mahmoud_Abbas,.\lfw-deepfunneled\Mahmoud_Abbas\Mahmoud_Abbas_0025.jpg
2021,Donald_Rumsfeld,.\lfw-deepfunneled\Donald_Rumsfeld\Donald_Rumsfeld_0022.jpg
3662,Heizo_Takenaka,.\lfw-deepfunneled\Heizo_Takenaka\Heizo_Takenaka_0002.jpg
4600,Joe_Lieberman,.\lfw-deepfunneled\Joe_Lieberman\Joe_Lieberman_0004.jpg
3415,Gray_Davis,.\lfw-deepfunneled\Gray_Davis\Gray_Davis_0024.jpg
2044,Donald_Rumsfeld,.\lfw-deepfunneled\Donald_Rumsfeld\Donald_Rumsfeld_0045.jpg
7379,Richard_Gephardt,.\lfw-deepfunneled\Richard_Gephardt\Richard_Gephardt_0010.jpg
4484,Jesse_Jackson,.\lfw-deepfunneled\Jesse_Jackson\Jesse_Jackson_0008.jpg
8467,Tom_Daschle,.\lfw-deepfunneled\Tom_Daschle\Tom_Daschle_0018.jpg
9042,Winona_Ryder,.\lfw-deepfunneled\Winona_Ryder\Winona_Ryder_0024.jpg
2886,George_W_Bush,.\lfw-deepfunneled\George_W_Bush\George_W_Bush_0280.jpg
5008,Jose_Maria_Aznar,.\lfw-deepfunneled\Jose_Maria_Aznar\Jose_Maria_Aznar_0012.jpg
3770,Hugo_Chavez,.\lfw-deepfunneled\Hugo_Chavez\Hugo_Chavez_0007.jpg
1589,Colin_Powell,.\lfw-deepfunneled\Colin_Powell\Colin_Powell_0132.jpg
3731,Hosni_Mubarak,.\lfw-deepfunneled\Hosni_Mubarak\Hosni_Mubarak_0002.jpg
2076,Donald_Rumsfeld,.\lfw-deepfunneled\Donald_Rumsfeld\Donald_Rumsfeld_0077.jpg
2007,Donald_Rumsfeld,.\lfw-deepfunneled\Donald_Rumsfeld\Donald_Rumsfeld_0008.jpg
6495,Mohammed_Al-Douri,.\lfw-deepfunneled\Mohammed_Al-Douri\Mohammed_Al-Douri_0004.jpg
3839,Hu_Jintao,.\lfw-deepfunneled\Hu_Jintao\Hu_Jintao_0001.jpg
2705,George_W_Bush,.\lfw-deepfunneled\George_W_Bush\George_W_Bush_0099.jpg
4713,John_Bolton,.\lfw-deepfunneled\John_Bolton\John_Bolton_0006.jpg
4042,James_Blake,.\lfw-deepfunneled\James_Blake\James_Blake_0006.jpg
3093,George_W_Bush,.\lfw-deepfunneled\George_W_Bush\George_W_Bush_0487.jpg
2796,George_W_Bush,.\lfw-deepfunneled\George_W_Bush\George_W_Bush_0190.jpg
569,Ariel_Sharon,.\lfw-deepfunneled\Ariel_Sharon\Ariel_Sharon_0027.jpg
7946,Serena_Williams,.\lfw-deepfunneled\Serena_Williams\Serena_Williams_0044.jpg
7906,Serena_Williams,.\lfw-deepfunneled\Serena_Williams\Serena_Williams_0004.jpg
8314,Thomas_OBrien,.\lfw-deepfunneled\Thomas_OBrien\Thomas_OBrien_0009.jpg
5194,Junichiro_Koizumi,.\lfw-deepfunneled\Junichiro_Koizumi\Junichiro_Koizumi_0057.jpg
7281,Recep_Tayyip_Erdogan,.\lfw-deepfunneled\Recep_Tayyip_Erdogan\Recep_Tayyip_Erdogan_0019.jpg
3997,Jacques_Chirac,.\lfw-deepfunneled\Jacques_Chirac\Jacques_Chirac_0030.jpg
1613,Colin_Powell,.\lfw-deepfunneled\Colin_Powell\Colin_Powell_0156.jpg
2776,George_W_Bush,.\lfw-deepfunneled\George_W_Bush\George_W_Bush_0170.jpg
2700,George_W_Bush,.\lfw-deepfunneled\George_W_Bush\George_W_Bush_0094.jpg
3335,Gloria_Macapagal_Arroyo,.\lfw-deepfunneled\Gloria_Macapagal_Arroyo\Gloria_Macapagal_Arroyo_0041.jpg
4703,John_Ashcroft,.\lfw-deepfunneled\John_Ashcroft\John_Ashcroft_0053.jpg
3105,George_W_Bush,.\lfw-deepfunneled\George_W_Bush\George_W_Bush_0499.jpg
4557,Jiri_Novak,.\lfw-deepfunneled\Jiri_Novak\Jiri_Novak_0004.jpg
8364,Tim_Henman,.\lfw-deepfunneled\Tim_Henman\Tim_Henman_0005.jpg
3218,Gerhard_Schroeder,.\lfw-deepfunneled\Gerhard_Schroeder\Gerhard_Schroeder_0072.jpg
3041,George_W_Bush,.\lfw-deepfunneled\George_W_Bush\George_W_Bush_0435.jpg
7927,Serena_Williams,.\lfw-deepfunneled\Serena_Williams\Serena_Williams_0025.jpg
873,Bill_Clinton,.\lfw-deepfunneled\Bill_Clinton\Bill_Clinton_0023.jpg
3125,George_W_Bush,.\lfw-deepfunneled\George_W_Bush\George_W_Bush_0519.jpg
5859,Luiz_Inacio_Lula_da_Silva,.\lfw-deepfunneled\Luiz_Inacio_Lula_da_Silva\Luiz_Inacio_Lula_da_Silva_0043.jpg
2584,George_Robertson,.\lfw-deepfunneled\George_Robertson\George_Robertson_0011.jpg
5147,Junichiro_Koizumi,.\lfw-deepfunneled\Junichiro_Koizumi\Junichiro_Koizumi_0010.jpg
2163,Edmund_Stoiber,.\lfw-deepfunneled\Edmund_Stoiber\Edmund_Stoiber_0001.jpg
2071,Donald_Rumsfeld,.\lfw-deepfunneled\Donald_Rumsfeld\Donald_Rumsfeld_0072.jpg
8943,Walter_Mondale,.\lfw-deepfunneled\Walter_Mondale\Walter_Mondale_0005.jpg
4694,John_Ashcroft,.\lfw-deepfunneled\John_Ashcroft\John_Ashcroft_0044.jpg
8585,Tony_Blair,.\lfw-deepfunneled\Tony_Blair\Tony_Blair_0046.jpg
1565,Colin_Powell,.\lfw-deepfunneled\Colin_Powell\Colin_Powell_0108.jpg
2578,George_Robertson,.\lfw-deepfunneled\George_Robertson\George_Robertson_0005.jpg
270,Alvaro_Uribe,.\lfw-deepfunneled\Alvaro_Uribe\Alvaro_Uribe_0028.jpg
4698,John_Ashcroft,.\lfw-deepfunneled\John_Ashcroft\John_Ashcroft_0048.jpg
2057,Donald_Rumsfeld,.\lfw-deepfunneled\Donald_Rumsfeld\Donald_Rumsfeld_0058.jpg
7029,Pervez_Musharraf,.\lfw-deepfunneled\Pervez_Musharraf\Pervez_Musharraf_0003.jpg
5367,Kim_Ryong-sung,.\lfw-deepfunneled\Kim_Ryong-sung\Kim_Ryong-sung_0002.jpg
4005,Jacques_Chirac,.\lfw-deepfunneled\Jacques_Chirac\Jacques_Chirac_0038.jpg
3124,George_W_Bush,.\lfw-deepfunneled\George_W_Bush\George_W_Bush_0518.jpg
6975,Paul_ONeill,.\lfw-deepfunneled\Paul_ONeill\Paul_ONeill_0008.jpg
5894,Mahathir_Mohamad,.\lfw-deepfunneled\Mahathir_Mohamad\Mahathir_Mohamad_0001.jpg
3743,Howard_Dean,.\lfw-deepfunneled\Howard_Dean\Howard_Dean_0005.jpg
7299,Renee_Zellweger,.\lfw-deepfunneled\Renee_Zellweger\Renee_Zellweger_0001.jpg
5828,Luiz_Inacio_Lula_da_Silva,.\lfw-deepfunneled\Luiz_Inacio_Lula_da_Silva\Luiz_Inacio_Lula_da_Silva_0012.jpg
7321,Ricardo_Lagos,.\lfw-deepfunneled\Ricardo_Lagos\Ricardo_Lagos_0006.jpg
5161,Junichiro_Koizumi,.\lfw-deepfunneled\Junichiro_Koizumi\Junichiro_Koizumi_0024.jpg
8911,Vladimir_Putin,.\lfw-deepfunneled\Vladimir_Putin\Vladimir_Putin_0034.jpg
5105,Julianne_Moore,.\lfw-deepfunneled\Julianne_Moore\Julianne_Moore_0009.jpg
547,Ariel_Sharon,.\lfw-deepfunneled\Ariel_Sharon\Ariel_Sharon_0005.jpg
2668,George_W_Bush,.\lfw-deepfunneled\George_W_Bush\George_W_Bush_0062.jpg
2682,George_W_Bush,.\lfw-deepfunneled\George_W_Bush\George_W_Bush_0076.jpg
1517,Colin_Powell,.\lfw-deepfunneled\Colin_Powell\Colin_Powell_0060.jpg
7779,Saddam_Hussein,.\lfw-deepfunneled\Saddam_Hussein\Saddam_Hussein_0015.jpg
6222,Meryl_Streep,.\lfw-deepfunneled\Meryl_Streep\Meryl_Streep_0008.jpg
6289,Michael_Jackson,.\lfw-deepfunneled\Michael_Jackson\Michael_Jackson_0006.jpg
3038,George_W_Bush,.\lfw-deepfunneled\George_W_Bush\George_W_Bush_0432.jpg
1593,Colin_Powell,.\lfw-deepfunneled\Colin_Powell\Colin_Powell_0136.jpg
4248,Jean_Chretien,.\lfw-deepfunneled\Jean_Chretien\Jean_Chretien_0018.jpg
8908,Vladimir_Putin,.\lfw-deepfunneled\Vladimir_Putin\Vladimir_Putin_0031.jpg
3374,Gordon_Brown,.\lfw-deepfunneled\Gordon_Brown\Gordon_Brown_0005.jpg
5733,Lleyton_Hewitt,.\lfw-deepfunneled\Lleyton_Hewitt\Lleyton_Hewitt_0016.jpg
595,Ariel_Sharon,.\lfw-deepfunneled\Ariel_Sharon\Ariel_Sharon_0053.jpg
946,Bill_Simon,.\lfw-deepfunneled\Bill_Simon\Bill_Simon_0014.jpg
38,Abdullah_Gul,.\lfw-deepfunneled\Abdullah_Gul\Abdullah_Gul_0018.jpg
2983,George_W_Bush,.\lfw-deepfunneled\George_W_Bush\George_W_Bush_0377.jpg
1663,Colin_Powell,.\lfw-deepfunneled\Colin_Powell\Colin_Powell_0206.jpg
3106,George_W_Bush,.\lfw-deepfunneled\George_W_Bush\George_W_Bush_0500.jpg
2918,George_W_Bush,.\lfw-deepfunneled\George_W_Bush\George_W_Bush_0312.jpg
5407,Kofi_Annan,.\lfw-deepfunneled\Kofi_Annan\Kofi_Annan_0010.jpg
6769,Norah_Jones,.\lfw-deepfunneled\Norah_Jones\Norah_Jones_0010.jpg
4388,Jennifer_Garner,.\lfw-deepfunneled\Jennifer_Garner\Jennifer_Garner_0003.jpg
4505,Jiang_Zemin,.\lfw-deepfunneled\Jiang_Zemin\Jiang_Zemin_0009.jpg
7396,Richard_Myers,.\lfw-deepfunneled\Richard_Myers\Richard_Myers_0001.jpg
2966,George_W_Bush,.\lfw-deepfunneled\George_W_Bush\George_W_Bush_0360.jpg
7337,Ricardo_Lagos,.\lfw-deepfunneled\Ricardo_Lagos\Ricardo_Lagos_0022.jpg
255,Alvaro_Uribe,.\lfw-deepfunneled\Alvaro_Uribe\Alvaro_Uribe_0013.jpg
8904,Vladimir_Putin,.\lfw-deepfunneled\Vladimir_Putin\Vladimir_Putin_0027.jpg
859,Bill_Clinton,.\lfw-deepfunneled\Bill_Clinton\Bill_Clinton_0009.jpg
7928,Serena_Williams,.\lfw-deepfunneled\Serena_Williams\Serena_Williams_0026.jpg
1515,Colin_Powell,.\lfw-deepfunneled\Colin_Powell\Colin_Powell_0058.jpg
5754,Lleyton_Hewitt,.\lfw-deepfunneled\Lleyton_Hewitt\Lleyton_Hewitt_0037.jpg
2881,George_W_Bush,.\lfw-deepfunneled\George_W_Bush\George_W_Bush_0275.jpg
3412,Gray_Davis,.\lfw-deepfunneled\Gray_Davis\Gray_Davis_0021.jpg
3089,George_W_Bush,.\lfw-deepfunneled\George_W_Bush\George_W_Bush_0483.jpg
7315,Renee_Zellweger,.\lfw-deepfunneled\Renee_Zellweger\Renee_Zellweger_0017.jpg
916,Bill_McBride,.\lfw-deepfunneled\Bill_McBride\Bill_McBride_0002.jpg
8551,Tony_Blair,.\lfw-deepfunneled\Tony_Blair\Tony_Blair_0012.jpg
4674,John_Ashcroft,.\lfw-deepfunneled\John_Ashcroft\John_Ashcroft_0024.jpg
3814,Hugo_Chavez,.\lfw-deepfunneled\Hugo_Chavez\Hugo_Chavez_0051.jpg
8224,Taha_Yassin_Ramadan,.\lfw-deepfunneled\Taha_Yassin_Ramadan\Taha_Yassin_Ramadan_0006.jpg
8481,Tom_Hanks,.\lfw-deepfunneled\Tom_Hanks\Tom_Hanks_0005.jpg
8646,Tony_Blair,.\lfw-deepfunneled\Tony_Blair\Tony_Blair_0107.jpg
2099,Donald_Rumsfeld,.\lfw-deepfunneled\Donald_Rumsfeld\Donald_Rumsfeld_0100.jpg
3865,Ian_Thorpe,.\lfw-deepfunneled\Ian_Thorpe\Ian_Thorpe_0005.jpg
4825,John_Negroponte,.\lfw-deepfunneled\John_Negroponte\John_Negroponte_0021.jpg
5280,Keanu_Reeves,.\lfw-deepfunneled\Keanu_Reeves\Keanu_Reeves_0009.jpg
8890,Vladimir_Putin,.\lfw-deepfunneled\Vladimir_Putin\Vladimir_Putin_0013.jpg
2936,George_W_Bush,.\lfw-deepfunneled\George_W_Bush\George_W_Bush_0330.jpg
1976,Dominique_de_Villepin,.\lfw-deepfunneled\Dominique_de_Villepin\Dominique_de_Villepin_0001.jpg
2037,Donald_Rumsfeld,.\lfw-deepfunneled\Donald_Rumsfeld\Donald_Rumsfeld_0038.jpg
2188,Eduardo_Duhalde,.\lfw-deepfunneled\Eduardo_Duhalde\Eduardo_Duhalde_0013.jpg
6923,Paul_Bremer,.\lfw-deepfunneled\Paul_Bremer\Paul_Bremer_0015.jpg
8226,Taha_Yassin_Ramadan,.\lfw-deepfunneled\Taha_Yassin_Ramadan\Taha_Yassin_Ramadan_0008.jpg
5611,Leonardo_DiCaprio,.\lfw-deepfunneled\Leonardo_DiCaprio\Leonardo_DiCaprio_0007.jpg
5346,Kim_Clijsters,.\lfw-deepfunneled\Kim_Clijsters\Kim_Clijsters_0009.jpg
3188,Gerhard_Schroeder,.\lfw-deepfunneled\Gerhard_Schroeder\Gerhard_Schroeder_0042.jpg
2921,George_W_Bush,.\lfw-deepfunneled\George_W_Bush\George_W_Bush_0315.jpg
4286,Jeb_Bush,.\lfw-deepfunneled\Jeb_Bush\Jeb_Bush_0001.jpg
5519,Laura_Bush,.\lfw-deepfunneled\Laura_Bush\Laura_Bush_0006.jpg
554,Ariel_Sharon,.\lfw-deepfunneled\Ariel_Sharon\Ariel_Sharon_0012.jpg
153,Alejandro_Toledo,.\lfw-deepfunneled\Alejandro_Toledo\Alejandro_Toledo_0013.jpg
2990,George_W_Bush,.\lfw-deepfunneled\George_W_Bush\George_W_Bush_0384.jpg
7413,Richard_Myers,.\lfw-deepfunneled\Richard_Myers\Richard_Myers_0018.jpg
7707,Rubens_Barrichello,.\lfw-deepfunneled\Rubens_Barrichello\Rubens_Barrichello_0007.jpg
8800,Venus_Williams,.\lfw-deepfunneled\Venus_Williams\Venus_Williams_0016.jpg
6773,Norah_Jones,.\lfw-deepfunneled\Norah_Jones\Norah_Jones_0014.jpg
8528,Tom_Ridge,.\lfw-deepfunneled\Tom_Ridge\Tom_Ridge_0032.jpg
5753,Lleyton_Hewitt,.\lfw-deepfunneled\Lleyton_Hewitt\Lleyton_Hewitt_0036.jpg
9025,Winona_Ryder,.\lfw-deepfunneled\Winona_Ryder\Winona_Ryder_0007.jpg
5842,Luiz_Inacio_Lula_da_Silva,.\lfw-deepfunneled\Luiz_Inacio_Lula_da_Silva\Luiz_Inacio_Lula_da_Silva_0026.jpg
321,Amelie_Mauresmo,.\lfw-deepfunneled\Amelie_Mauresmo\Amelie_Mauresmo_0007.jpg
1551,Colin_Powell,.\lfw-deepfunneled\Colin_Powell\Colin_Powell_0094.jpg
448,Angelina_Jolie,.\lfw-deepfunneled\Angelina_Jolie\Angelina_Jolie_0005.jpg
2644,George_W_Bush,.\lfw-deepfunneled\George_W_Bush\George_W_Bush_0038.jpg
5348,Kim_Clijsters,.\lfw-deepfunneled\Kim_Clijsters\Kim_Clijsters_0011.jpg
249,Alvaro_Uribe,.\lfw-deepfunneled\Alvaro_Uribe\Alvaro_Uribe_0007.jpg
3204,Gerhard_Schroeder,.\lfw-deepfunneled\Gerhard_Schroeder\Gerhard_Schroeder_0058.jpg
3147,Gerhard_Schroeder,.\lfw-deepfunneled\Gerhard_Schroeder\Gerhard_Schroeder_0001.jpg
2010,Donald_Rumsfeld,.\lfw-deepfunneled\Donald_Rumsfeld\Donald_Rumsfeld_0011.jpg
6704,Nicanor_Duarte_Frutos,.\lfw-deepfunneled\Nicanor_Duarte_Frutos\Nicanor_Duarte_Frutos_0001.jpg
5651,Lindsay_Davenport,.\lfw-deepfunneled\Lindsay_Davenport\Lindsay_Davenport_0002.jpg
7276,Recep_Tayyip_Erdogan,.\lfw-deepfunneled\Recep_Tayyip_Erdogan\Recep_Tayyip_Erdogan_0014.jpg
7922,Serena_Williams,.\lfw-deepfunneled\Serena_Williams\Serena_Williams_0020.jpg
3365,Gonzalo_Sanchez_de_Lozada,.\lfw-deepfunneled\Gonzalo_Sanchez_de_Lozada\Gonzalo_Sanchez_de_Lozada_0010.jpg
7776,Saddam_Hussein,.\lfw-deepfunneled\Saddam_Hussein\Saddam_Hussein_0012.jpg
2868,George_W_Bush,.\lfw-deepfunneled\George_W_Bush\George_W_Bush_0262.jpg
5179,Junichiro_Koizumi,.\lfw-deepfunneled\Junichiro_Koizumi\Junichiro_Koizumi_0042.jpg
8444,Tom_Cruise,.\lfw-deepfunneled\Tom_Cruise\Tom_Cruise_0005.jpg
4526,Jimmy_Carter,.\lfw-deepfunneled\Jimmy_Carter\Jimmy_Carter_0008.jpg
3539,Hamid_Karzai,.\lfw-deepfunneled\Hamid_Karzai\Hamid_Karzai_0007.jpg
3198,Gerhard_Schroeder,.\lfw-deepfunneled\Gerhard_Schroeder\Gerhard_Schroeder_0052.jpg
155,Alejandro_Toledo,.\lfw-deepfunneled\Alejandro_Toledo\Alejandro_Toledo_0015.jpg
4328,Jennifer_Aniston,.\lfw-deepfunneled\Jennifer_Aniston\Jennifer_Aniston_0010.jpg
8572,Tony_Blair,.\lfw-deepfunneled\Tony_Blair\Tony_Blair_0033.jpg
5156,Junichiro_Koizumi,.\lfw-deepfunneled\Junichiro_Koizumi\Junichiro_Koizumi_0019.jpg
1810,David_Beckham,.\lfw-deepfunneled\David_Beckham\David_Beckham_0028.jpg
4456,Jeremy_Greenstock,.\lfw-deepfunneled\Jeremy_Greenstock\Jeremy_Greenstock_0019.jpg
1058,Britney_Spears,.\lfw-deepfunneled\Britney_Spears\Britney_Spears_0009.jpg
7812,Salma_Hayek,.\lfw-deepfunneled\Salma_Hayek\Salma_Hayek_0007.jpg
3778,Hugo_Chavez,.\lfw-deepfunneled\Hugo_Chavez\Hugo_Chavez_0015.jpg
4961,Joschka_Fischer,.\lfw-deepfunneled\Joschka_Fischer\Joschka_Fischer_0011.jpg
3195,Gerhard_Schroeder,.\lfw-deepfunneled\Gerhard_Schroeder\Gerhard_Schroeder_0049.jpg
8361,Tim_Henman,.\lfw-deepfunneled\Tim_Henman\Tim_Henman_0002.jpg
4021,Jacques_Rogge,.\lfw-deepfunneled\Jacques_Rogge\Jacques_Rogge_0002.jpg
2803,George_W_Bush,.\lfw-deepfunneled\George_W_Bush\George_W_Bush_0197.jpg
891,Bill_Gates,.\lfw-deepfunneled\Bill_Gates\Bill_Gates_0003.jpg
8310,Thomas_OBrien,.\lfw-deepfunneled\Thomas_OBrien\Thomas_OBrien_0005.jpg
6679,Nestor_Kirchner,.\lfw-deepfunneled\Nestor_Kirchner\Nestor_Kirchner_0018.jpg
1549,Colin_Powell,.\lfw-deepfunneled\Colin_Powell\Colin_Powell_0092.jpg
4330,Jennifer_Aniston,.\lfw-deepfunneled\Jennifer_Aniston\Jennifer_Aniston_0012.jpg
2531,George_Clooney,.\lfw-deepfunneled\George_Clooney\George_Clooney_0004.jpg
3006,George_W_Bush,.\lfw-deepfunneled\George_W_Bush\George_W_Bush_0400.jpg
2822,George_W_Bush,.\lfw-deepfunneled\George_W_Bush\George_W_Bush_0216.jpg
5824,Luiz_Inacio_Lula_da_Silva,.\lfw-deepfunneled\Luiz_Inacio_Lula_da_Silva\Luiz_Inacio_Lula_da_Silva_0008.jpg
6328,Michael_Schumacher,.\lfw-deepfunneled\Michael_Schumacher\Michael_Schumacher_0006.jpg
869,Bill_Clinton,.\lfw-deepfunneled\Bill_Clinton\Bill_Clinton_0019.jpg
3565,Hans_Blix,.\lfw-deepfunneled\Hans_Blix\Hans_Blix_0005.jpg
2909,George_W_Bush,.\lfw-deepfunneled\George_W_Bush\George_W_Bush_0303.jpg
1850,David_Nalbandian,.\lfw-deepfunneled\David_Nalbandian\David_Nalbandian_0009.jpg
8647,Tony_Blair,.\lfw-deepfunneled\Tony_Blair\Tony_Blair_0108.jpg
1522,Colin_Powell,.\lfw-deepfunneled\Colin_Powell\Colin_Powell_0065.jpg
259,Alvaro_Uribe,.\lfw-deepfunneled\Alvaro_Uribe\Alvaro_Uribe_0017.jpg
8502,Tom_Ridge,.\lfw-deepfunneled\Tom_Ridge\Tom_Ridge_0006.jpg
7715,Rudolph_Giuliani,.\lfw-deepfunneled\Rudolph_Giuliani\Rudolph_Giuliani_0001.jpg
4439,Jeremy_Greenstock,.\lfw-deepfunneled\Jeremy_Greenstock\Jeremy_Greenstock_0002.jpg
628,Ari_Fleischer,.\lfw-deepfunneled\Ari_Fleischer\Ari_Fleischer_0009.jpg
5469,Lance_Armstrong,.\lfw-deepfunneled\Lance_Armstrong\Lance_Armstrong_0010.jpg
3553,Hamid_Karzai,.\lfw-deepfunneled\Hamid_Karzai\Hamid_Karzai_0021.jpg
6673,Nestor_Kirchner,.\lfw-deepfunneled\Nestor_Kirchner\Nestor_Kirchner_0012.jpg
8593,Tony_Blair,.\lfw-deepfunneled\Tony_Blair\Tony_Blair_0054.jpg
3808,Hugo_Chavez,.\lfw-deepfunneled\Hugo_Chavez\Hugo_Chavez_0045.jpg
4257,Jean_Chretien,.\lfw-deepfunneled\Jean_Chretien\Jean_Chretien_0027.jpg
8753,Vaclav_Havel,.\lfw-deepfunneled\Vaclav_Havel\Vaclav_Havel_0008.jpg
1538,Colin_Powell,.\lfw-deepfunneled\Colin_Powell\Colin_Powell_0081.jpg
911,Bill_Graham,.\lfw-deepfunneled\Bill_Graham\Bill_Graham_0006.jpg
2880,George_W_Bush,.\lfw-deepfunneled\George_W_Bush\George_W_Bush_0274.jpg
5750,Lleyton_Hewitt,.\lfw-deepfunneled\Lleyton_Hewitt\Lleyton_Hewitt_0033.jpg
3851,Hu_Jintao,.\lfw-deepfunneled\Hu_Jintao\Hu_Jintao_0013.jpg
3190,Gerhard_Schroeder,.\lfw-deepfunneled\Gerhard_Schroeder\Gerhard_Schroeder_0044.jpg
4755,John_Howard,.\lfw-deepfunneled\John_Howard\John_Howard_0015.jpg
3972,Jacques_Chirac,.\lfw-deepfunneled\Jacques_Chirac\Jacques_Chirac_0005.jpg
2676,George_W_Bush,.\lfw-deepfunneled\George_W_Bush\George_W_Bush_0070.jpg
2824,George_W_Bush,.\lfw-deepfunneled\George_W_Bush\George_W_Bush_0218.jpg
5658,Lindsay_Davenport,.\lfw-deepfunneled\Lindsay_Davenport\Lindsay_Davenport_0009.jpg
2653,George_W_Bush,.\lfw-deepfunneled\George_W_Bush\George_W_Bush_0047.jpg
3241,Gerhard_Schroeder,.\lfw-deepfunneled\Gerhard_Schroeder\Gerhard_Schroeder_0095.jpg
2003,Donald_Rumsfeld,.\lfw-deepfunneled\Donald_Rumsfeld\Donald_Rumsfeld_0004.jpg
8332,Tiger_Woods,.\lfw-deepfunneled\Tiger_Woods\Tiger_Woods_0013.jpg
5048,Juan_Carlos_Ferrero,.\lfw-deepfunneled\Juan_Carlos_Ferrero\Juan_Carlos_Ferrero_0006.jpg
3084,George_W_Bush,.\lfw-deepfunneled\George_W_Bush\George_W_Bush_0478.jpg
3447,Guillermo_Coria,.\lfw-deepfunneled\Guillermo_Coria\Guillermo_Coria_0001.jpg
5732,Lleyton_Hewitt,.\lfw-deepfunneled\Lleyton_Hewitt\Lleyton_Hewitt_0015.jpg
1790,David_Beckham,.\lfw-deepfunneled\David_Beckham\David_Beckham_0008.jpg
2661,George_W_Bush,.\lfw-deepfunneled\George_W_Bush\George_W_Bush_0055.jpg
7941,Serena_Williams,.\lfw-deepfunneled\Serena_Williams\Serena_Williams_0039.jpg
1536,Colin_Powell,.\lfw-deepfunneled\Colin_Powell\Colin_Powell_0079.jpg
2665,George_W_Bush,.\lfw-deepfunneled\George_W_Bush\George_W_Bush_0059.jpg
7084,Pete_Sampras,.\lfw-deepfunneled\Pete_Sampras\Pete_Sampras_0017.jpg
654,Arnold_Schwarzenegger,.\lfw-deepfunneled\Arnold_Schwarzenegger\Arnold_Schwarzenegger_0003.jpg
1703,Condoleezza_Rice,.\lfw-deepfunneled\Condoleezza_Rice\Condoleezza_Rice_0003.jpg
2069,Donald_Rumsfeld,.\lfw-deepfunneled\Donald_Rumsfeld\Donald_Rumsfeld_0070.jpg
6619,Naomi_Watts,.\lfw-deepfunneled\Naomi_Watts\Naomi_Watts_0019.jpg
8896,Vladimir_Putin,.\lfw-deepfunneled\Vladimir_Putin\Vladimir_Putin_0019.jpg
4770,John_Kerry,.\lfw-deepfunneled\John_Kerry\John_Kerry_0009.jpg
8068,Silvio_Berlusconi,.\lfw-deepfunneled\Silvio_Berlusconi\Silvio_Berlusconi_0023.jpg
8549,Tony_Blair,.\lfw-deepfunneled\Tony_Blair\Tony_Blair_0010.jpg
3300,Gloria_Macapagal_Arroyo,.\lfw-deepfunneled\Gloria_Macapagal_Arroyo\Gloria_Macapagal_Arroyo_0006.jpg
2811,George_W_Bush,.\lfw-deepfunneled\George_W_Bush\George_W_Bush_0205.jpg
8809,Vicente_Fox,.\lfw-deepfunneled\Vicente_Fox\Vicente_Fox_0003.jpg
3866,Ian_Thorpe,.\lfw-deepfunneled\Ian_Thorpe\Ian_Thorpe_0006.jpg
4580,Joan_Laporta,.\lfw-deepfunneled\Joan_Laporta\Joan_Laporta_0006.jpg
1985,Dominique_de_Villepin,.\lfw-deepfunneled\Dominique_de_Villepin\Dominique_de_Villepin_0010.jpg
8680,Tony_Blair,.\lfw-deepfunneled\Tony_Blair\Tony_Blair_0141.jpg
1525,Colin_Powell,.\lfw-deepfunneled\Colin_Powell\Colin_Powell_0068.jpg
8885,Vladimir_Putin,.\lfw-deepfunneled\Vladimir_Putin\Vladimir_Putin_0008.jpg
3824,Hugo_Chavez,.\lfw-deepfunneled\Hugo_Chavez\Hugo_Chavez_0061.jpg
6750,Nicole_Kidman,.\lfw-deepfunneled\Nicole_Kidman\Nicole_Kidman_0019.jpg
320,Amelie_Mauresmo,.\lfw-deepfunneled\Amelie_Mauresmo\Amelie_Mauresmo_0006.jpg
5115,Julianne_Moore,.\lfw-deepfunneled\Julianne_Moore\Julianne_Moore_0019.jpg
2385,Fernando_Gonzalez,.\lfw-deepfunneled\Fernando_Gonzalez\Fernando_Gonzalez_0006.jpg
1948,Dick_Cheney,.\lfw-deepfunneled\Dick_Cheney\Dick_Cheney_0002.jpg
2714,George_W_Bush,.\lfw-deepfunneled\George_W_Bush\George_W_Bush_0108.jpg
8452,Tom_Daschle,.\lfw-deepfunneled\Tom_Daschle\Tom_Daschle_0003.jpg
6928,Paul_Bremer,.\lfw-deepfunneled\Paul_Bremer\Paul_Bremer_0020.jpg
7720,Rudolph_Giuliani,.\lfw-deepfunneled\Rudolph_Giuliani\Rudolph_Giuliani_0006.jpg
6740,Nicole_Kidman,.\lfw-deepfunneled\Nicole_Kidman\Nicole_Kidman_0009.jpg
6196,Megawati_Sukarnoputri,.\lfw-deepfunneled\Megawati_Sukarnoputri\Megawati_Sukarnoputri_0026.jpg
5899,Mahathir_Mohamad,.\lfw-deepfunneled\Mahathir_Mohamad\Mahathir_Mohamad_0006.jpg
679,Arnold_Schwarzenegger,.\lfw-deepfunneled\Arnold_Schwarzenegger\Arnold_Schwarzenegger_0028.jpg
6174,Megawati_Sukarnoputri,.\lfw-deepfunneled\Megawati_Sukarnoputri\Megawati_Sukarnoputri_0004.jpg
933,Bill_Simon,.\lfw-deepfunneled\Bill_Simon\Bill_Simon_0001.jpg
8609,Tony_Blair,.\lfw-deepfunneled\Tony_Blair\Tony_Blair_0070.jpg
4139,Jason_Kidd,.\lfw-deepfunneled\Jason_Kidd\Jason_Kidd_0001.jpg
1658,Colin_Powell,.\lfw-deepfunneled\Colin_Powell\Colin_Powell_0201.jpg
5064,Juan_Carlos_Ferrero,.\lfw-deepfunneled\Juan_Carlos_Ferrero\Juan_Carlos_Ferrero_0022.jpg
4285,Jean_Chretien,.\lfw-deepfunneled\Jean_Chretien\Jean_Chretien_0055.jpg
7361,Richard_Armitage,.\lfw-deepfunneled\Richard_Armitage\Richard_Armitage_0007.jpg
5244,Kate_Hudson,.\lfw-deepfunneled\Kate_Hudson\Kate_Hudson_0003.jpg
2405,Fidel_Castro,.\lfw-deepfunneled\Fidel_Castro\Fidel_Castro_0005.jpg
2635,George_W_Bush,.\lfw-deepfunneled\George_W_Bush\George_W_Bush_0029.jpg
3755,Hugh_Grant,.\lfw-deepfunneled\Hugh_Grant\Hugh_Grant_0001.jpg
4445,Jeremy_Greenstock,.\lfw-deepfunneled\Jeremy_Greenstock\Jeremy_Greenstock_0008.jpg
8891,Vladimir_Putin,.\lfw-deepfunneled\Vladimir_Putin\Vladimir_Putin_0014.jpg
3979,Jacques_Chirac,.\lfw-deepfunneled\Jacques_Chirac\Jacques_Chirac_0012.jpg
1676,Colin_Powell,.\lfw-deepfunneled\Colin_Powell\Colin_Powell_0219.jpg
428,Andy_Roddick,.\lfw-deepfunneled\Andy_Roddick\Andy_Roddick_0013.jpg
4866,John_Snow,.\lfw-deepfunneled\John_Snow\John_Snow_0006.jpg
575,Ariel_Sharon,.\lfw-deepfunneled\Ariel_Sharon\Ariel_Sharon_0033.jpg
2703,George_W_Bush,.\lfw-deepfunneled\George_W_Bush\George_W_Bush_0097.jpg
6190,Megawati_Sukarnoputri,.\lfw-deepfunneled\Megawati_Sukarnoputri\Megawati_Sukarnoputri_0020.jpg
865,Bill_Clinton,.\lfw-deepfunneled\Bill_Clinton\Bill_Clinton_0015.jpg
4656,John_Ashcroft,.\lfw-deepfunneled\John_Ashcroft\John_Ashcroft_0006.jpg
2736,George_W_Bush,.\lfw-deepfunneled\George_W_Bush\George_W_Bush_0130.jpg
4509,Jiang_Zemin,.\lfw-deepfunneled\Jiang_Zemin\Jiang_Zemin_0013.jpg
7973,Sergio_Vieira_De_Mello,.\lfw-deepfunneled\Sergio_Vieira_De_Mello\Sergio_Vieira_De_Mello_0001.jpg
2846,George_W_Bush,.\lfw-deepfunneled\George_W_Bush\George_W_Bush_0240.jpg
1227,Catherine_Zeta-Jones,.\lfw-deepfunneled\Catherine_Zeta-Jones\Catherine_Zeta-Jones_0002.jpg
7768,Saddam_Hussein,.\lfw-deepfunneled\Saddam_Hussein\Saddam_Hussein_0004.jpg
7767,Saddam_Hussein,.\lfw-deepfunneled\Saddam_Hussein\Saddam_Hussein_0003.jpg
6939,Paul_Burrell,.\lfw-deepfunneled\Paul_Burrell\Paul_Burrell_0011.jpg
5551,Laura_Bush,.\lfw-deepfunneled\Laura_Bush\Laura_Bush_0038.jpg
2878,George_W_Bush,.\lfw-deepfunneled\George_W_Bush\George_W_Bush_0272.jpg
1584,Colin_Powell,.\lfw-deepfunneled\Colin_Powell\Colin_Powell_0127.jpg
733,Atal_Bihari_Vajpayee,.\lfw-deepfunneled\Atal_Bihari_Vajpayee\Atal_Bihari_Vajpayee_0015.jpg
2046,Donald_Rumsfeld,.\lfw-deepfunneled\Donald_Rumsfeld\Donald_Rumsfeld_0047.jpg
4047,James_Blake,.\lfw-deepfunneled\James_Blake\James_Blake_0011.jpg
5470,Lance_Armstrong,.\lfw-deepfunneled\Lance_Armstrong\Lance_Armstrong_0011.jpg
8889,Vladimir_Putin,.\lfw-deepfunneled\Vladimir_Putin\Vladimir_Putin_0012.jpg
8714,Trent_Lott,.\lfw-deepfunneled\Trent_Lott\Trent_Lott_0008.jpg
5045,Juan_Carlos_Ferrero,.\lfw-deepfunneled\Juan_Carlos_Ferrero\Juan_Carlos_Ferrero_0003.jpg
599,Ariel_Sharon,.\lfw-deepfunneled\Ariel_Sharon\Ariel_Sharon_0057.jpg
3465,Guillermo_Coria,.\lfw-deepfunneled\Guillermo_Coria\Guillermo_Coria_0019.jpg
3887,Igor_Ivanov,.\lfw-deepfunneled\Igor_Ivanov\Igor_Ivanov_0013.jpg
4960,Joschka_Fischer,.\lfw-deepfunneled\Joschka_Fischer\Joschka_Fischer_0010.jpg
1512,Colin_Powell,.\lfw-deepfunneled\Colin_Powell\Colin_Powell_0055.jpg
8608,Tony_Blair,.\lfw-deepfunneled\Tony_Blair\Tony_Blair_0069.jpg
244,Alvaro_Uribe,.\lfw-deepfunneled\Alvaro_Uribe\Alvaro_Uribe_0002.jpg
8836,Vicente_Fox,.\lfw-deepfunneled\Vicente_Fox\Vicente_Fox_0030.jpg
2869,George_W_Bush,.\lfw-deepfunneled\George_W_Bush\George_W_Bush_0263.jpg
7270,Recep_Tayyip_Erdogan,.\lfw-deepfunneled\Recep_Tayyip_Erdogan\Recep_Tayyip_Erdogan_0008.jpg
1539,Colin_Powell,.\lfw-deepfunneled\Colin_Powell\Colin_Powell_0082.jpg
2641,George_W_Bush,.\lfw-deepfunneled\George_W_Bush\George_W_Bush_0035.jpg
7605,Roger_Federer,.\lfw-deepfunneled\Roger_Federer\Roger_Federer_0007.jpg
730,Atal_Bihari_Vajpayee,.\lfw-deepfunneled\Atal_Bihari_Vajpayee\Atal_Bihari_Vajpayee_0012.jpg
4651,John_Ashcroft,.\lfw-deepfunneled\John_Ashcroft\John_Ashcroft_0001.jpg
8049,Silvio_Berlusconi,.\lfw-deepfunneled\Silvio_Berlusconi\Silvio_Berlusconi_0004.jpg
4717,John_Bolton,.\lfw-deepfunneled\John_Bolton\John_Bolton_0010.jpg
3410,Gray_Davis,.\lfw-deepfunneled\Gray_Davis\Gray_Davis_0019.jpg
8076,Silvio_Berlusconi,.\lfw-deepfunneled\Silvio_Berlusconi\Silvio_Berlusconi_0031.jpg
1843,David_Nalbandian,.\lfw-deepfunneled\David_Nalbandian\David_Nalbandian_0002.jpg
1813,David_Beckham,.\lfw-deepfunneled\David_Beckham\David_Beckham_0031.jpg
3788,Hugo_Chavez,.\lfw-deepfunneled\Hugo_Chavez\Hugo_Chavez_0025.jpg
892,Bill_Gates,.\lfw-deepfunneled\Bill_Gates\Bill_Gates_0004.jpg
386,Andre_Agassi,.\lfw-deepfunneled\Andre_Agassi\Andre_Agassi_0009.jpg
9116,Yoriko_Kawaguchi,.\lfw-deepfunneled\Yoriko_Kawaguchi\Yoriko_Kawaguchi_0009.jpg
4963,Joschka_Fischer,.\lfw-deepfunneled\Joschka_Fischer\Joschka_Fischer_0013.jpg
6919,Paul_Bremer,.\lfw-deepfunneled\Paul_Bremer\Paul_Bremer_0011.jpg
3212,Gerhard_Schroeder,.\lfw-deepfunneled\Gerhard_Schroeder\Gerhard_Schroeder_0066.jpg
2740,George_W_Bush,.\lfw-deepfunneled\George_W_Bush\George_W_Bush_0134.jpg
2625,George_W_Bush,.\lfw-deepfunneled\George_W_Bush\George_W_Bush_0019.jpg
4407,Jennifer_Lopez,.\lfw-deepfunneled\Jennifer_Lopez\Jennifer_Lopez_0006.jpg
7787,Saddam_Hussein,.\lfw-deepfunneled\Saddam_Hussein\Saddam_Hussein_0023.jpg
9037,Winona_Ryder,.\lfw-deepfunneled\Winona_Ryder\Winona_Ryder_0019.jpg
3237,Gerhard_Schroeder,.\lfw-deepfunneled\Gerhard_Schroeder\Gerhard_Schroeder_0091.jpg
2840,George_W_Bush,.\lfw-deepfunneled\George_W_Bush\George_W_Bush_0234.jpg
5904,Mahathir_Mohamad,.\lfw-deepfunneled\Mahathir_Mohamad\Mahathir_Mohamad_0011.jpg
3569,Hans_Blix,.\lfw-deepfunneled\Hans_Blix\Hans_Blix_0009.jpg
6224,Meryl_Streep,.\lfw-deepfunneled\Meryl_Streep\Meryl_Streep_0010.jpg
4429,Jeong_Se-hyun,.\lfw-deepfunneled\Jeong_Se-hyun\Jeong_Se-hyun_0001.jpg
2751,George_W_Bush,.\lfw-deepfunneled\George_W_Bush\George_W_Bush_0145.jpg
4999,Jose_Maria_Aznar,.\lfw-deepfunneled\Jose_Maria_Aznar\Jose_Maria_Aznar_0003.jpg
5029,Jose_Serra,.\lfw-deepfunneled\Jose_Serra\Jose_Serra_0005.jpg
6616,Naomi_Watts,.\lfw-deepfunneled\Naomi_Watts\Naomi_Watts_0016.jpg
3308,Gloria_Macapagal_Arroyo,.\lfw-deepfunneled\Gloria_Macapagal_Arroyo\Gloria_Macapagal_Arroyo_0014.jpg
4657,John_Ashcroft,.\lfw-deepfunneled\John_Ashcroft\John_Ashcroft_0007.jpg
4075,James_Kelly,.\lfw-deepfunneled\James_Kelly\James_Kelly_0005.jpg
8220,Taha_Yassin_Ramadan,.\lfw-deepfunneled\Taha_Yassin_Ramadan\Taha_Yassin_Ramadan_0002.jpg
7074,Pete_Sampras,.\lfw-deepfunneled\Pete_Sampras\Pete_Sampras_0007.jpg
2054,Donald_Rumsfeld,.\lfw-deepfunneled\Donald_Rumsfeld\Donald_Rumsfeld_0055.jpg
8555,Tony_Blair,.\lfw-deepfunneled\Tony_Blair\Tony_Blair_0016.jpg
3800,Hugo_Chavez,.\lfw-deepfunneled\Hugo_Chavez\Hugo_Chavez_0037.jpg
1470,Colin_Powell,.\lfw-deepfunneled\Colin_Powell\Colin_Powell_0013.jpg
6175,Megawati_Sukarnoputri,.\lfw-deepfunneled\Megawati_Sukarnoputri\Megawati_Sukarnoputri_0005.jpg
395,Andre_Agassi,.\lfw-deepfunneled\Andre_Agassi\Andre_Agassi_0018.jpg
5847,Luiz_Inacio_Lula_da_Silva,.\lfw-deepfunneled\Luiz_Inacio_Lula_da_Silva\Luiz_Inacio_Lula_da_Silva_0031.jpg
7981,Sergio_Vieira_De_Mello,.\lfw-deepfunneled\Sergio_Vieira_De_Mello\Sergio_Vieira_De_Mello_0009.jpg
5108,Julianne_Moore,.\lfw-deepfunneled\Julianne_Moore\Julianne_Moore_0012.jpg
4157,Javier_Solana,.\lfw-deepfunneled\Javier_Solana\Javier_Solana_0007.jpg
731,Atal_Bihari_Vajpayee,.\lfw-deepfunneled\Atal_Bihari_Vajpayee\Atal_Bihari_Vajpayee_0013.jpg
2860,George_W_Bush,.\lfw-deepfunneled\George_W_Bush\George_W_Bush_0254.jpg
1787,David_Beckham,.\lfw-deepfunneled\David_Beckham\David_Beckham_0005.jpg
3575,Hans_Blix,.\lfw-deepfunneled\Hans_Blix\Hans_Blix_0015.jpg
3196,Gerhard_Schroeder,.\lfw-deepfunneled\Gerhard_Schroeder\Gerhard_Schroeder_0050.jpg
6670,Nestor_Kirchner,.\lfw-deepfunneled\Nestor_Kirchner\Nestor_Kirchner_0009.jpg
8636,Tony_Blair,.\lfw-deepfunneled\Tony_Blair\Tony_Blair_0097.jpg
5935,Mahmoud_Abbas,.\lfw-deepfunneled\Mahmoud_Abbas\Mahmoud_Abbas_0028.jpg
3325,Gloria_Macapagal_Arroyo,.\lfw-deepfunneled\Gloria_Macapagal_Arroyo\Gloria_Macapagal_Arroyo_0031.jpg
1675,Colin_Powell,.\lfw-deepfunneled\Colin_Powell\Colin_Powell_0218.jpg
589,Ariel_Sharon,.\lfw-deepfunneled\Ariel_Sharon\Ariel_Sharon_0047.jpg
9151,Zhu_Rongji,.\lfw-deepfunneled\Zhu_Rongji\Zhu_Rongji_0008.jpg
5165,Junichiro_Koizumi,.\lfw-deepfunneled\Junichiro_Koizumi\Junichiro_Koizumi_0028.jpg
6337,Michael_Schumacher,.\lfw-deepfunneled\Michael_Schumacher\Michael_Schumacher_0015.jpg
4020,Jacques_Rogge,.\lfw-deepfunneled\Jacques_Rogge\Jacques_Rogge_0001.jpg
3692,Hillary_Clinton,.\lfw-deepfunneled\Hillary_Clinton\Hillary_Clinton_0002.jpg
4287,Jeb_Bush,.\lfw-deepfunneled\Jeb_Bush\Jeb_Bush_0002.jpg
2896,George_W_Bush,.\lfw-deepfunneled\George_W_Bush\George_W_Bush_0290.jpg
2870,George_W_Bush,.\lfw-deepfunneled\George_W_Bush\George_W_Bush_0264.jpg
1545,Colin_Powell,.\lfw-deepfunneled\Colin_Powell\Colin_Powell_0088.jpg
8682,Tony_Blair,.\lfw-deepfunneled\Tony_Blair\Tony_Blair_0143.jpg
8059,Silvio_Berlusconi,.\lfw-deepfunneled\Silvio_Berlusconi\Silvio_Berlusconi_0014.jpg
3944,Jack_Straw,.\lfw-deepfunneled\Jack_Straw\Jack_Straw_0007.jpg
4646,John_Allen_Muhammad,.\lfw-deepfunneled\John_Allen_Muhammad\John_Allen_Muhammad_0007.jpg
8540,Tony_Blair,.\lfw-deepfunneled\Tony_Blair\Tony_Blair_0001.jpg
3593,Hans_Blix,.\lfw-deepfunneled\Hans_Blix\Hans_Blix_0033.jpg
3126,George_W_Bush,.\lfw-deepfunneled\George_W_Bush\George_W_Bush_0520.jpg
4322,Jennifer_Aniston,.\lfw-deepfunneled\Jennifer_Aniston\Jennifer_Aniston_0004.jpg
7273,Recep_Tayyip_Erdogan,.\lfw-deepfunneled\Recep_Tayyip_Erdogan\Recep_Tayyip_Erdogan_0011.jpg
8518,Tom_Ridge,.\lfw-deepfunneled\Tom_Ridge\Tom_Ridge_0022.jpg
6542,Muhammad_Ali,.\lfw-deepfunneled\Muhammad_Ali\Muhammad_Ali_0009.jpg
4822,John_Negroponte,.\lfw-deepfunneled\John_Negroponte\John_Negroponte_0018.jpg
5145,Junichiro_Koizumi,.\lfw-deepfunneled\Junichiro_Koizumi\Junichiro_Koizumi_0008.jpg
5854,Luiz_Inacio_Lula_da_Silva,.\lfw-deepfunneled\Luiz_Inacio_Lula_da_Silva\Luiz_Inacio_Lula_da_Silva_0038.jpg
2819,George_W_Bush,.\lfw-deepfunneled\George_W_Bush\George_W_Bush_0213.jpg
7303,Renee_Zellweger,.\lfw-deepfunneled\Renee_Zellweger\Renee_Zellweger_0005.jpg
3069,George_W_Bush,.\lfw-deepfunneled\George_W_Bush\George_W_Bush_0463.jpg
4998,Jose_Maria_Aznar,.\lfw-deepfunneled\Jose_Maria_Aznar\Jose_Maria_Aznar_0002.jpg
5192,Junichiro_Koizumi,.\lfw-deepfunneled\Junichiro_Koizumi\Junichiro_Koizumi_0055.jpg
3511,Halle_Berry,.\lfw-deepfunneled\Halle_Berry\Halle_Berry_0002.jpg
2826,George_W_Bush,.\lfw-deepfunneled\George_W_Bush\George_W_Bush_0220.jpg
1142,Carlos_Menem,.\lfw-deepfunneled\Carlos_Menem\Carlos_Menem_0020.jpg
4678,John_Ashcroft,.\lfw-deepfunneled\John_Ashcroft\John_Ashcroft_0028.jpg
563,Ariel_Sharon,.\lfw-deepfunneled\Ariel_Sharon\Ariel_Sharon_0021.jpg
935,Bill_Simon,.\lfw-deepfunneled\Bill_Simon\Bill_Simon_0003.jpg
6539,Muhammad_Ali,.\lfw-deepfunneled\Muhammad_Ali\Muhammad_Ali_0006.jpg
4238,Jean_Chretien,.\lfw-deepfunneled\Jean_Chretien\Jean_Chretien_0008.jpg
2706,George_W_Bush,.\lfw-deepfunneled\George_W_Bush\George_W_Bush_0100.jpg
7629,Roh_Moo-hyun,.\lfw-deepfunneled\Roh_Moo-hyun\Roh_Moo-hyun_0012.jpg
5129,Julie_Gerberding,.\lfw-deepfunneled\Julie_Gerberding\Julie_Gerberding_0011.jpg
4743,John_Howard,.\lfw-deepfunneled\John_Howard\John_Howard_0003.jpg
3016,George_W_Bush,.\lfw-deepfunneled\George_W_Bush\George_W_Bush_0410.jpg
3940,Jack_Straw,.\lfw-deepfunneled\Jack_Straw\Jack_Straw_0003.jpg
1151,Carlos_Moya,.\lfw-deepfunneled\Carlos_Moya\Carlos_Moya_0006.jpg
2893,George_W_Bush,.\lfw-deepfunneled\George_W_Bush\George_W_Bush_0287.jpg
692,Arnold_Schwarzenegger,.\lfw-deepfunneled\Arnold_Schwarzenegger\Arnold_Schwarzenegger_0041.jpg
5723,Lleyton_Hewitt,.\lfw-deepfunneled\Lleyton_Hewitt\Lleyton_Hewitt_0006.jpg
6741,Nicole_Kidman,.\lfw-deepfunneled\Nicole_Kidman\Nicole_Kidman_0010.jpg
7966,Sergey_Lavrov,.\lfw-deepfunneled\Sergey_Lavrov\Sergey_Lavrov_0007.jpg
2857,George_W_Bush,.\lfw-deepfunneled\George_W_Bush\George_W_Bush_0251.jpg
1955,Dick_Cheney,.\lfw-deepfunneled\Dick_Cheney\Dick_Cheney_0009.jpg
4000,Jacques_Chirac,.\lfw-deepfunneled\Jacques_Chirac\Jacques_Chirac_0033.jpg
8631,Tony_Blair,.\lfw-deepfunneled\Tony_Blair\Tony_Blair_0092.jpg
3052,George_W_Bush,.\lfw-deepfunneled\George_W_Bush\George_W_Bush_0446.jpg
3238,Gerhard_Schroeder,.\lfw-deepfunneled\Gerhard_Schroeder\Gerhard_Schroeder_0092.jpg
1682,Colin_Powell,.\lfw-deepfunneled\Colin_Powell\Colin_Powell_0225.jpg
5838,Luiz_Inacio_Lula_da_Silva,.\lfw-deepfunneled\Luiz_Inacio_Lula_da_Silva\Luiz_Inacio_Lula_da_Silva_0022.jpg
3613,Harrison_Ford,.\lfw-deepfunneled\Harrison_Ford\Harrison_Ford_0009.jpg
1564,Colin_Powell,.\lfw-deepfunneled\Colin_Powell\Colin_Powell_0107.jpg
4240,Jean_Chretien,.\lfw-deepfunneled\Jean_Chretien\Jean_Chretien_0010.jpg
1462,Colin_Powell,.\lfw-deepfunneled\Colin_Powell\Colin_Powell_0005.jpg
387,Andre_Agassi,.\lfw-deepfunneled\Andre_Agassi\Andre_Agassi_0010.jpg
5188,Junichiro_Koizumi,.\lfw-deepfunneled\Junichiro_Koizumi\Junichiro_Koizumi_0051.jpg
146,Alejandro_Toledo,.\lfw-deepfunneled\Alejandro_Toledo\Alejandro_Toledo_0006.jpg
6192,Megawati_Sukarnoputri,.\lfw-deepfunneled\Megawati_Sukarnoputri\Megawati_Sukarnoputri_0022.jpg
1154,Carlos_Moya,.\lfw-deepfunneled\Carlos_Moya\Carlos_Moya_0009.jpg
3928,Jackie_Chan,.\lfw-deepfunneled\Jackie_Chan\Jackie_Chan_0009.jpg
5931,Mahmoud_Abbas,.\lfw-deepfunneled\Mahmoud_Abbas\Mahmoud_Abbas_0024.jpg
3377,Gordon_Brown,.\lfw-deepfunneled\Gordon_Brown\Gordon_Brown_0008.jpg
668,Arnold_Schwarzenegger,.\lfw-deepfunneled\Arnold_Schwarzenegger\Arnold_Schwarzenegger_0017.jpg
1957,Dick_Cheney,.\lfw-deepfunneled\Dick_Cheney\Dick_Cheney_0011.jpg
735,Atal_Bihari_Vajpayee,.\lfw-deepfunneled\Atal_Bihari_Vajpayee\Atal_Bihari_Vajpayee_0017.jpg
411,Andre_Agassi,.\lfw-deepfunneled\Andre_Agassi\Andre_Agassi_0034.jpg
1286,Charles_Moose,.\lfw-deepfunneled\Charles_Moose\Charles_Moose_0004.jpg
8416,Tommy_Thompson,.\lfw-deepfunneled\Tommy_Thompson\Tommy_Thompson_0002.jpg
3173,Gerhard_Schroeder,.\lfw-deepfunneled\Gerhard_Schroeder\Gerhard_Schroeder_0027.jpg
8671,Tony_Blair,.\lfw-deepfunneled\Tony_Blair\Tony_Blair_0132.jpg
178,Alejandro_Toledo,.\lfw-deepfunneled\Alejandro_Toledo\Alejandro_Toledo_0038.jpg
3018,George_W_Bush,.\lfw-deepfunneled\George_W_Bush\George_W_Bush_0412.jpg
3665,Heizo_Takenaka,.\lfw-deepfunneled\Heizo_Takenaka\Heizo_Takenaka_0005.jpg
8709,Trent_Lott,.\lfw-deepfunneled\Trent_Lott\Trent_Lott_0003.jpg
1654,Colin_Powell,.\lfw-deepfunneled\Colin_Powell\Colin_Powell_0197.jpg
3595,Hans_Blix,.\lfw-deepfunneled\Hans_Blix\Hans_Blix_0035.jpg
6203,Megawati_Sukarnoputri,.\lfw-deepfunneled\Megawati_Sukarnoputri\Megawati_Sukarnoputri_0033.jpg
5400,Kofi_Annan,.\lfw-deepfunneled\Kofi_Annan\Kofi_Annan_0003.jpg
2953,George_W_Bush,.\lfw-deepfunneled\George_W_Bush\George_W_Bush_0347.jpg
1649,Colin_Powell,.\lfw-deepfunneled\Colin_Powell\Colin_Powell_0192.jpg
2406,Fidel_Castro,.\lfw-deepfunneled\Fidel_Castro\Fidel_Castro_0006.jpg
7909,Serena_Williams,.\lfw-deepfunneled\Serena_Williams\Serena_Williams_0007.jpg
6998,Paul_Wolfowitz,.\lfw-deepfunneled\Paul_Wolfowitz\Paul_Wolfowitz_0003.jpg
8365,Tim_Henman,.\lfw-deepfunneled\Tim_Henman\Tim_Henman_0006.jpg
1126,Carlos_Menem,.\lfw-deepfunneled\Carlos_Menem\Carlos_Menem_0004.jpg
584,Ariel_Sharon,.\lfw-deepfunneled\Ariel_Sharon\Ariel_Sharon_0042.jpg
3068,George_W_Bush,.\lfw-deepfunneled\George_W_Bush\George_W_Bush_0462.jpg
9114,Yoriko_Kawaguchi,.\lfw-deepfunneled\Yoriko_Kawaguchi\Yoriko_Kawaguchi_0007.jpg
4634,John_Abizaid,.\lfw-deepfunneled\John_Abizaid\John_Abizaid_0004.jpg
1156,Carlos_Moya,.\lfw-deepfunneled\Carlos_Moya\Carlos_Moya_0011.jpg
5054,Juan_Carlos_Ferrero,.\lfw-deepfunneled\Juan_Carlos_Ferrero\Juan_Carlos_Ferrero_0012.jpg
4366,Jennifer_Capriati,.\lfw-deepfunneled\Jennifer_Capriati\Jennifer_Capriati_0027.jpg
8598,Tony_Blair,.\lfw-deepfunneled\Tony_Blair\Tony_Blair_0059.jpg
8977,Wen_Jiabao,.\lfw-deepfunneled\Wen_Jiabao\Wen_Jiabao_0010.jpg
6323,Michael_Schumacher,.\lfw-deepfunneled\Michael_Schumacher\Michael_Schumacher_0001.jpg
7706,Rubens_Barrichello,.\lfw-deepfunneled\Rubens_Barrichello\Rubens_Barrichello_0006.jpg
3234,Gerhard_Schroeder,.\lfw-deepfunneled\Gerhard_Schroeder\Gerhard_Schroeder_0088.jpg
5421,Kofi_Annan,.\lfw-deepfunneled\Kofi_Annan\Kofi_Annan_0024.jpg
8711,Trent_Lott,.\lfw-deepfunneled\Trent_Lott\Trent_Lott_0005.jpg
3023,George_W_Bush,.\lfw-deepfunneled\George_W_Bush\George_W_Bush_0417.jpg
7910,Serena_Williams,.\lfw-deepfunneled\Serena_Williams\Serena_Williams_0008.jpg
5025,Jose_Serra,.\lfw-deepfunneled\Jose_Serra\Jose_Serra_0001.jpg
5699,Li_Peng,.\lfw-deepfunneled\Li_Peng\Li_Peng_0002.jpg
3568,Hans_Blix,.\lfw-deepfunneled\Hans_Blix\Hans_Blix_0008.jpg
5612,Leonardo_DiCaprio,.\lfw-deepfunneled\Leonardo_DiCaprio\Leonardo_DiCaprio_0008.jpg
258,Alvaro_Uribe,.\lfw-deepfunneled\Alvaro_Uribe\Alvaro_Uribe_0016.jpg
652,Arnold_Schwarzenegger,.\lfw-deepfunneled\Arnold_Schwarzenegger\Arnold_Schwarzenegger_0001.jpg
7385,Richard_Gere,.\lfw-deepfunneled\Richard_Gere\Richard_Gere_0005.jpg
6584,Nancy_Pelosi,.\lfw-deepfunneled\Nancy_Pelosi\Nancy_Pelosi_0011.jpg
4237,Jean_Chretien,.\lfw-deepfunneled\Jean_Chretien\Jean_Chretien_0007.jpg
3993,Jacques_Chirac,.\lfw-deepfunneled\Jacques_Chirac\Jacques_Chirac_0026.jpg
4261,Jean_Chretien,.\lfw-deepfunneled\Jean_Chretien\Jean_Chretien_0031.jpg
7331,Ricardo_Lagos,.\lfw-deepfunneled\Ricardo_Lagos\Ricardo_Lagos_0016.jpg
6689,Nestor_Kirchner,.\lfw-deepfunneled\Nestor_Kirchner\Nestor_Kirchner_0028.jpg
2741,George_W_Bush,.\lfw-deepfunneled\George_W_Bush\George_W_Bush_0135.jpg
666,Arnold_Schwarzenegger,.\lfw-deepfunneled\Arnold_Schwarzenegger\Arnold_Schwarzenegger_0015.jpg
7722,Rudolph_Giuliani,.\lfw-deepfunneled\Rudolph_Giuliani\Rudolph_Giuliani_0008.jpg
3320,Gloria_Macapagal_Arroyo,.\lfw-deepfunneled\Gloria_Macapagal_Arroyo\Gloria_Macapagal_Arroyo_0026.jpg
2100,Donald_Rumsfeld,.\lfw-deepfunneled\Donald_Rumsfeld\Donald_Rumsfeld_0101.jpg
3314,Gloria_Macapagal_Arroyo,.\lfw-deepfunneled\Gloria_Macapagal_Arroyo\Gloria_Macapagal_Arroyo_0020.jpg
3461,Guillermo_Coria,.\lfw-deepfunneled\Guillermo_Coria\Guillermo_Coria_0015.jpg
1305,Charles_Taylor,.\lfw-deepfunneled\Charles_Taylor\Charles_Taylor_0008.jpg
5666,Lindsay_Davenport,.\lfw-deepfunneled\Lindsay_Davenport\Lindsay_Davenport_0017.jpg
7176,Queen_Elizabeth_II,.\lfw-deepfunneled\Queen_Elizabeth_II\Queen_Elizabeth_II_0001.jpg
4747,John_Howard,.\lfw-deepfunneled\John_Howard\John_Howard_0007.jpg
2608,George_W_Bush,.\lfw-deepfunneled\George_W_Bush\George_W_Bush_0002.jpg
5846,Luiz_Inacio_Lula_da_Silva,.\lfw-deepfunneled\Luiz_Inacio_Lula_da_Silva\Luiz_Inacio_Lula_da_Silva_0030.jpg
2745,George_W_Bush,.\lfw-deepfunneled\George_W_Bush\George_W_Bush_0139.jpg
8478,Tom_Hanks,.\lfw-deepfunneled\Tom_Hanks\Tom_Hanks_0002.jpg
5417,Kofi_Annan,.\lfw-deepfunneled\Kofi_Annan\Kofi_Annan_0020.jpg
8970,Wen_Jiabao,.\lfw-deepfunneled\Wen_Jiabao\Wen_Jiabao_0003.jpg
7186,Queen_Elizabeth_II,.\lfw-deepfunneled\Queen_Elizabeth_II\Queen_Elizabeth_II_0011.jpg
3983,Jacques_Chirac,.\lfw-deepfunneled\Jacques_Chirac\Jacques_Chirac_0016.jpg
452,Angelina_Jolie,.\lfw-deepfunneled\Angelina_Jolie\Angelina_Jolie_0009.jpg
2690,George_W_Bush,.\lfw-deepfunneled\George_W_Bush\George_W_Bush_0084.jpg
1443,Colin_Farrell,.\lfw-deepfunneled\Colin_Farrell\Colin_Farrell_0002.jpg
8247,Tang_Jiaxuan,.\lfw-deepfunneled\Tang_Jiaxuan\Tang_Jiaxuan_0008.jpg
614,Ariel_Sharon,.\lfw-deepfunneled\Ariel_Sharon\Ariel_Sharon_0072.jpg
2028,Donald_Rumsfeld,.\lfw-deepfunneled\Donald_Rumsfeld\Donald_Rumsfeld_0029.jpg
22,Abdullah_Gul,.\lfw-deepfunneled\Abdullah_Gul\Abdullah_Gul_0002.jpg
3205,Gerhard_Schroeder,.\lfw-deepfunneled\Gerhard_Schroeder\Gerhard_Schroeder_0059.jpg
399,Andre_Agassi,.\lfw-deepfunneled\Andre_Agassi\Andre_Agassi_0022.jpg
8599,Tony_Blair,.\lfw-deepfunneled\Tony_Blair\Tony_Blair_0060.jpg
5783,Lucio_Gutierrez,.\lfw-deepfunneled\Lucio_Gutierrez\Lucio_Gutierrez_0013.jpg
9148,Zhu_Rongji,.\lfw-deepfunneled\Zhu_Rongji\Zhu_Rongji_0005.jpg
3134,George_W_Bush,.\lfw-deepfunneled\George_W_Bush\George_W_Bush_0528.jpg
5934,Mahmoud_Abbas,.\lfw-deepfunneled\Mahmoud_Abbas\Mahmoud_Abbas_0027.jpg
4186,Jean-David_Levitte,.\lfw-deepfunneled\Jean-David_Levitte\Jean-David_Levitte_0003.jpg
8396,Tommy_Franks,.\lfw-deepfunneled\Tommy_Franks\Tommy_Franks_0007.jpg
5340,Kim_Clijsters,.\lfw-deepfunneled\Kim_Clijsters\Kim_Clijsters_0003.jpg
1988,Dominique_de_Villepin,.\lfw-deepfunneled\Dominique_de_Villepin\Dominique_de_Villepin_0013.jpg
1707,Condoleezza_Rice,.\lfw-deepfunneled\Condoleezza_Rice\Condoleezza_Rice_0007.jpg
4826,John_Negroponte,.\lfw-deepfunneled\John_Negroponte\John_Negroponte_0022.jpg
544,Ariel_Sharon,.\lfw-deepfunneled\Ariel_Sharon\Ariel_Sharon_0002.jpg
156,Alejandro_Toledo,.\lfw-deepfunneled\Alejandro_Toledo\Alejandro_Toledo_0016.jpg
7034,Pervez_Musharraf,.\lfw-deepfunneled\Pervez_Musharraf\Pervez_Musharraf_0008.jpg
2866,George_W_Bush,.\lfw-deepfunneled\George_W_Bush\George_W_Bush_0260.jpg
451,Angelina_Jolie,.\lfw-deepfunneled\Angelina_Jolie\Angelina_Jolie_0008.jpg
2616,George_W_Bush,.\lfw-deepfunneled\George_W_Bush\George_W_Bush_0010.jpg
2550,George_HW_Bush,.\lfw-deepfunneled\George_HW_Bush\George_HW_Bush_0008.jpg
2005,Donald_Rumsfeld,.\lfw-deepfunneled\Donald_Rumsfeld\Donald_Rumsfeld_0006.jpg
3032,George_W_Bush,.\lfw-deepfunneled\George_W_Bush\George_W_Bush_0426.jpg
8510,Tom_Ridge,.\lfw-deepfunneled\Tom_Ridge\Tom_Ridge_0014.jpg
4358,Jennifer_Capriati,.\lfw-deepfunneled\Jennifer_Capriati\Jennifer_Capriati_0019.jpg
858,Bill_Clinton,.\lfw-deepfunneled\Bill_Clinton\Bill_Clinton_0008.jpg
9035,Winona_Ryder,.\lfw-deepfunneled\Winona_Ryder\Winona_Ryder_0017.jpg
3730,Hosni_Mubarak,.\lfw-deepfunneled\Hosni_Mubarak\Hosni_Mubarak_0001.jpg
4362,Jennifer_Capriati,.\lfw-deepfunneled\Jennifer_Capriati\Jennifer_Capriati_0023.jpg
2997,George_W_Bush,.\lfw-deepfunneled\George_W_Bush\George_W_Bush_0391.jpg
5190,Junichiro_Koizumi,.\lfw-deepfunneled\Junichiro_Koizumi\Junichiro_Koizumi_0053.jpg
1685,Colin_Powell,.\lfw-deepfunneled\Colin_Powell\Colin_Powell_0228.jpg
7247,Ray_Romano,.\lfw-deepfunneled\Ray_Romano\Ray_Romano_0002.jpg
6854,Paradorn_Srichaphan,.\lfw-deepfunneled\Paradorn_Srichaphan\Paradorn_Srichaphan_0007.jpg
7807,Salma_Hayek,.\lfw-deepfunneled\Salma_Hayek\Salma_Hayek_0002.jpg
7646,Roh_Moo-hyun,.\lfw-deepfunneled\Roh_Moo-hyun\Roh_Moo-hyun_0029.jpg
9030,Winona_Ryder,.\lfw-deepfunneled\Winona_Ryder\Winona_Ryder_0012.jpg
2383,Fernando_Gonzalez,.\lfw-deepfunneled\Fernando_Gonzalez\Fernando_Gonzalez_0004.jpg
3012,George_W_Bush,.\lfw-deepfunneled\George_W_Bush\George_W_Bush_0406.jpg
5132,Julie_Gerberding,.\lfw-deepfunneled\Julie_Gerberding\Julie_Gerberding_0014.jpg
252,Alvaro_Uribe,.\lfw-deepfunneled\Alvaro_Uribe\Alvaro_Uribe_0010.jpg
4360,Jennifer_Capriati,.\lfw-deepfunneled\Jennifer_Capriati\Jennifer_Capriati_0021.jpg
4824,John_Negroponte,.\lfw-deepfunneled\John_Negroponte\John_Negroponte_0020.jpg
8334,Tiger_Woods,.\lfw-deepfunneled\Tiger_Woods\Tiger_Woods_0015.jpg
4863,John_Snow,.\lfw-deepfunneled\John_Snow\John_Snow_0003.jpg
4220,Jean_Charest,.\lfw-deepfunneled\Jean_Charest\Jean_Charest_0007.jpg
8750,Vaclav_Havel,.\lfw-deepfunneled\Vaclav_Havel\Vaclav_Havel_0005.jpg
8512,Tom_Ridge,.\lfw-deepfunneled\Tom_Ridge\Tom_Ridge_0016.jpg
4078,James_Kelly,.\lfw-deepfunneled\James_Kelly\James_Kelly_0008.jpg
8341,Tiger_Woods,.\lfw-deepfunneled\Tiger_Woods\Tiger_Woods_0022.jpg
4433,Jeong_Se-hyun,.\lfw-deepfunneled\Jeong_Se-hyun\Jeong_Se-hyun_0005.jpg
8735,Tung_Chee-hwa,.\lfw-deepfunneled\Tung_Chee-hwa\Tung_Chee-hwa_0008.jpg
3177,Gerhard_Schroeder,.\lfw-deepfunneled\Gerhard_Schroeder\Gerhard_Schroeder_0031.jpg
631,Ari_Fleischer,.\lfw-deepfunneled\Ari_Fleischer\Ari_Fleischer_0012.jpg
7733,Rudolph_Giuliani,.\lfw-deepfunneled\Rudolph_Giuliani\Rudolph_Giuliani_0019.jpg
4453,Jeremy_Greenstock,.\lfw-deepfunneled\Jeremy_Greenstock\Jeremy_Greenstock_0016.jpg
1231,Catherine_Zeta-Jones,.\lfw-deepfunneled\Catherine_Zeta-Jones\Catherine_Zeta-Jones_0006.jpg
4381,Jennifer_Capriati,.\lfw-deepfunneled\Jennifer_Capriati\Jennifer_Capriati_0042.jpg
7375,Richard_Gephardt,.\lfw-deepfunneled\Richard_Gephardt\Richard_Gephardt_0006.jpg
5772,Lucio_Gutierrez,.\lfw-deepfunneled\Lucio_Gutierrez\Lucio_Gutierrez_0002.jpg
1597,Colin_Powell,.\lfw-deepfunneled\Colin_Powell\Colin_Powell_0140.jpg
7628,Roh_Moo-hyun,.\lfw-deepfunneled\Roh_Moo-hyun\Roh_Moo-hyun_0011.jpg
2403,Fidel_Castro,.\lfw-deepfunneled\Fidel_Castro\Fidel_Castro_0003.jpg
5175,Junichiro_Koizumi,.\lfw-deepfunneled\Junichiro_Koizumi\Junichiro_Koizumi_0038.jpg
2408,Fidel_Castro,.\lfw-deepfunneled\Fidel_Castro\Fidel_Castro_0008.jpg
3452,Guillermo_Coria,.\lfw-deepfunneled\Guillermo_Coria\Guillermo_Coria_0006.jpg
4777,John_Kerry,.\lfw-deepfunneled\John_Kerry\John_Kerry_0016.jpg
1152,Carlos_Moya,.\lfw-deepfunneled\Carlos_Moya\Carlos_Moya_0007.jpg
3759,Hugh_Grant,.\lfw-deepfunneled\Hugh_Grant\Hugh_Grant_0005.jpg
8208,Sylvester_Stallone,.\lfw-deepfunneled\Sylvester_Stallone\Sylvester_Stallone_0001.jpg
6256,Michael_Bloomberg,.\lfw-deepfunneled\Michael_Bloomberg\Michael_Bloomberg_0018.jpg
2184,Eduardo_Duhalde,.\lfw-deepfunneled\Eduardo_Duhalde\Eduardo_Duhalde_0009.jpg
27,Abdullah_Gul,.\lfw-deepfunneled\Abdullah_Gul\Abdullah_Gul_0007.jpg
8652,Tony_Blair,.\lfw-deepfunneled\Tony_Blair\Tony_Blair_0113.jpg
882,Bill_Frist,.\lfw-deepfunneled\Bill_Frist\Bill_Frist_0003.jpg
4563,Jiri_Novak,.\lfw-deepfunneled\Jiri_Novak\Jiri_Novak_0010.jpg
8457,Tom_Daschle,.\lfw-deepfunneled\Tom_Daschle\Tom_Daschle_0008.jpg
5174,Junichiro_Koizumi,.\lfw-deepfunneled\Junichiro_Koizumi\Junichiro_Koizumi_0037.jpg
5056,Juan_Carlos_Ferrero,.\lfw-deepfunneled\Juan_Carlos_Ferrero\Juan_Carlos_Ferrero_0014.jpg
2957,George_W_Bush,.\lfw-deepfunneled\George_W_Bush\George_W_Bush_0351.jpg
3087,George_W_Bush,.\lfw-deepfunneled\George_W_Bush\George_W_Bush_0481.jpg
5864,Luiz_Inacio_Lula_da_Silva,.\lfw-deepfunneled\Luiz_Inacio_Lula_da_Silva\Luiz_Inacio_Lula_da_Silva_0048.jpg
76,Adrien_Brody,.\lfw-deepfunneled\Adrien_Brody\Adrien_Brody_0010.jpg
661,Arnold_Schwarzenegger,.\lfw-deepfunneled\Arnold_Schwarzenegger\Arnold_Schwarzenegger_0010.jpg
1568,Colin_Powell,.\lfw-deepfunneled\Colin_Powell\Colin_Powell_0111.jpg
6694,Nestor_Kirchner,.\lfw-deepfunneled\Nestor_Kirchner\Nestor_Kirchner_0033.jpg
6241,Michael_Bloomberg,.\lfw-deepfunneled\Michael_Bloomberg\Michael_Bloomberg_0003.jpg
3957,Jack_Straw,.\lfw-deepfunneled\Jack_Straw\Jack_Straw_0020.jpg
8415,Tommy_Thompson,.\lfw-deepfunneled\Tommy_Thompson\Tommy_Thompson_0001.jpg
5428,Kofi_Annan,.\lfw-deepfunneled\Kofi_Annan\Kofi_Annan_0031.jpg
1464,Colin_Powell,.\lfw-deepfunneled\Colin_Powell\Colin_Powell_0007.jpg
8801,Venus_Williams,.\lfw-deepfunneled\Venus_Williams\Venus_Williams_0017.jpg
4778,John_Kerry,.\lfw-deepfunneled\John_Kerry\John_Kerry_0017.jpg
8523,Tom_Ridge,.\lfw-deepfunneled\Tom_Ridge\Tom_Ridge_0027.jpg
8342,Tiger_Woods,.\lfw-deepfunneled\Tiger_Woods\Tiger_Woods_0023.jpg
591,Ariel_Sharon,.\lfw-deepfunneled\Ariel_Sharon\Ariel_Sharon_0049.jpg
2774,George_W_Bush,.\lfw-deepfunneled\George_W_Bush\George_W_Bush_0168.jpg
6499,Mohammed_Al-Douri,.\lfw-deepfunneled\Mohammed_Al-Douri\Mohammed_Al-Douri_0008.jpg
474,Anna_Kournikova,.\lfw-deepfunneled\Anna_Kournikova\Anna_Kournikova_0004.jpg
5921,Mahmoud_Abbas,.\lfw-deepfunneled\Mahmoud_Abbas\Mahmoud_Abbas_0014.jpg
5013,Jose_Maria_Aznar,.\lfw-deepfunneled\Jose_Maria_Aznar\Jose_Maria_Aznar_0017.jpg
3608,Harrison_Ford,.\lfw-deepfunneled\Harrison_Ford\Harrison_Ford_0004.jpg
2590,George_Robertson,.\lfw-deepfunneled\George_Robertson\George_Robertson_0017.jpg
7183,Queen_Elizabeth_II,.\lfw-deepfunneled\Queen_Elizabeth_II\Queen_Elizabeth_II_0008.jpg
8393,Tommy_Franks,.\lfw-deepfunneled\Tommy_Franks\Tommy_Franks_0004.jpg
2586,George_Robertson,.\lfw-deepfunneled\George_Robertson\George_Robertson_0013.jpg
8320,Tiger_Woods,.\lfw-deepfunneled\Tiger_Woods\Tiger_Woods_0001.jpg
4820,John_Negroponte,.\lfw-deepfunneled\John_Negroponte\John_Negroponte_0016.jpg
5460,Lance_Armstrong,.\lfw-deepfunneled\Lance_Armstrong\Lance_Armstrong_0001.jpg
2555,George_HW_Bush,.\lfw-deepfunneled\George_HW_Bush\George_HW_Bush_0013.jpg
5477,Lance_Armstrong,.\lfw-deepfunneled\Lance_Armstrong\Lance_Armstrong_0018.jpg
4609,Joe_Lieberman,.\lfw-deepfunneled\Joe_Lieberman\Joe_Lieberman_0013.jpg
9109,Yoriko_Kawaguchi,.\lfw-deepfunneled\Yoriko_Kawaguchi\Yoriko_Kawaguchi_0002.jpg
726,Atal_Bihari_Vajpayee,.\lfw-deepfunneled\Atal_Bihari_Vajpayee\Atal_Bihari_Vajpayee_0008.jpg
4520,Jimmy_Carter,.\lfw-deepfunneled\Jimmy_Carter\Jimmy_Carter_0002.jpg
2607,George_W_Bush,.\lfw-deepfunneled\George_W_Bush\George_W_Bush_0001.jpg
3455,Guillermo_Coria,.\lfw-deepfunneled\Guillermo_Coria\Guillermo_Coria_0009.jpg
145,Alejandro_Toledo,.\lfw-deepfunneled\Alejandro_Toledo\Alejandro_Toledo_0005.jpg
1461,Colin_Powell,.\lfw-deepfunneled\Colin_Powell\Colin_Powell_0004.jpg
6504,Mohammed_Al-Douri,.\lfw-deepfunneled\Mohammed_Al-Douri\Mohammed_Al-Douri_0013.jpg
3923,Jackie_Chan,.\lfw-deepfunneled\Jackie_Chan\Jackie_Chan_0004.jpg
3792,Hugo_Chavez,.\lfw-deepfunneled\Hugo_Chavez\Hugo_Chavez_0029.jpg
5698,Li_Peng,.\lfw-deepfunneled\Li_Peng\Li_Peng_0001.jpg
8588,Tony_Blair,.\lfw-deepfunneled\Tony_Blair\Tony_Blair_0049.jpg
1062,Britney_Spears,.\lfw-deepfunneled\Britney_Spears\Britney_Spears_0013.jpg
7323,Ricardo_Lagos,.\lfw-deepfunneled\Ricardo_Lagos\Ricardo_Lagos_0008.jpg
3945,Jack_Straw,.\lfw-deepfunneled\Jack_Straw\Jack_Straw_0008.jpg
3781,Hugo_Chavez,.\lfw-deepfunneled\Hugo_Chavez\Hugo_Chavez_0018.jpg
8401,Tommy_Franks,.\lfw-deepfunneled\Tommy_Franks\Tommy_Franks_0012.jpg
3240,Gerhard_Schroeder,.\lfw-deepfunneled\Gerhard_Schroeder\Gerhard_Schroeder_0094.jpg
4959,Joschka_Fischer,.\lfw-deepfunneled\Joschka_Fischer\Joschka_Fischer_0009.jpg
8832,Vicente_Fox,.\lfw-deepfunneled\Vicente_Fox\Vicente_Fox_0026.jpg
3411,Gray_Davis,.\lfw-deepfunneled\Gray_Davis\Gray_Davis_0020.jpg
894,Bill_Gates,.\lfw-deepfunneled\Bill_Gates\Bill_Gates_0006.jpg
8209,Sylvester_Stallone,.\lfw-deepfunneled\Sylvester_Stallone\Sylvester_Stallone_0002.jpg
5375,Kim_Ryong-sung,.\lfw-deepfunneled\Kim_Ryong-sung\Kim_Ryong-sung_0010.jpg
4512,Jiang_Zemin,.\lfw-deepfunneled\Jiang_Zemin\Jiang_Zemin_0016.jpg
8056,Silvio_Berlusconi,.\lfw-deepfunneled\Silvio_Berlusconi\Silvio_Berlusconi_0011.jpg
3693,Hillary_Clinton,.\lfw-deepfunneled\Hillary_Clinton\Hillary_Clinton_0003.jpg
6290,Michael_Jackson,.\lfw-deepfunneled\Michael_Jackson\Michael_Jackson_0007.jpg
5542,Laura_Bush,.\lfw-deepfunneled\Laura_Bush\Laura_Bush_0029.jpg
2696,George_W_Bush,.\lfw-deepfunneled\George_W_Bush\George_W_Bush_0090.jpg
7816,Salma_Hayek,.\lfw-deepfunneled\Salma_Hayek\Salma_Hayek_0011.jpg
5540,Laura_Bush,.\lfw-deepfunneled\Laura_Bush\Laura_Bush_0027.jpg
2788,George_W_Bush,.\lfw-deepfunneled\George_W_Bush\George_W_Bush_0182.jpg
4478,Jesse_Jackson,.\lfw-deepfunneled\Jesse_Jackson\Jesse_Jackson_0002.jpg
392,Andre_Agassi,.\lfw-deepfunneled\Andre_Agassi\Andre_Agassi_0015.jpg
